large_class_ip_name,product_date,product_count,product_mean,product_median,three_month_count,three_month_mean,three_month_median,six_month_count,six_month_mean,six_month_median,IP,event_content
【推しの子】,2021-03-04,6,1173.5,1173.5,54,1130.333333,1091.5,60,950.85,565,【推しの子】,ドラマ/青春
競女!!!!!!!!,2016-09-21,40,171.95,53,17,93.58823529,81,,,,競女!!!!!!!!,ドラマ/青春
競女!!!!!!!!,2016-09-21,40,171.95,53,17,93.58823529,81,,,,競女!!!!!!!!,コメディ/ギャグ
あんさんぶるスターズ!,2019-06-17,76,4114.75,2688.5,15,16927.73333,18797,,,,あんさんぶるスターズ!,ドラマ/青春
スロウスタート,2017-08-09,1,520,520,4,2429.75,2266,,,,スロウスタート,ドラマ/青春
戦翼のシグルドリーヴァ,2020-10-03,55,612.8,488,81,549.1851852,398,22,571.6818182,340,戦翼のシグルドリーヴァ,SF/ファンタジー
戦翼のシグルドリーヴァ,2020-10-03,55,612.8,488,81,549.1851852,398,22,571.6818182,340,戦翼のシグルドリーヴァ,アクション/バトル
機巧少女は傷つかない,2013-05-28,1,56,56,25,37.16,32,,,,機巧少女は傷つかない,ドラマ/青春
機巧少女は傷つかない,2013-05-28,1,56,56,25,37.16,32,,,,機巧少女は傷つかない,アクション/バトル
ソマリと森の神様,2019-11-17,4,315.5,299.5,11,1234,343,7,843,418,ソマリと森の神様,SF/ファンタジー
邪神ちゃんドロップキック,2018-01-12,36,142.5,68.5,273,35.07692308,11,,,,邪神ちゃんドロップキック,コメディ/ギャグ
恋愛ラボ,2013-07-04,35,44.6,42,160,48.19375,30.5,24,15.54166667,13,恋愛ラボ,ドラマ/青春
恋愛ラボ,2013-07-04,35,44.6,42,160,48.19375,30.5,24,15.54166667,13,恋愛ラボ,恋愛/ラブコメ
涼宮ハルヒシリーズ,2015-03-09,50,60.14,43,13,325.7692308,209,,,,涼宮ハルヒシリーズ,ドラマ/青春
涼宮ハルヒシリーズ,2015-03-09,50,60.14,43,13,325.7692308,209,,,,涼宮ハルヒシリーズ,恋愛/ラブコメ
涼宮ハルヒシリーズ,2015-03-09,50,60.14,43,13,325.7692308,209,,,,涼宮ハルヒシリーズ,SF/ファンタジー
涼宮ハルヒシリーズ,2015-03-09,50,60.14,43,13,325.7692308,209,,,,涼宮ハルヒシリーズ,SF/ファンタジー
ユーレイデコ,2022-06-09,33,24.75757576,20,22,71.81818182,32.5,,,,ユーレイデコ,SF/ファンタジー
放課後さいころ倶楽部,2019-10-11,4,131.5,75.5,103,259.9223301,159,,,,放課後さいころ倶楽部,ドラマ/青春
放課後さいころ倶楽部,2019-10-11,4,131.5,75.5,103,259.9223301,159,,,,放課後さいころ倶楽部,ドラマ/青春
魔法少女まどか☆マギカ,2011-01-14,8,137.25,62.5,88,24.11363636,16.5,,,,魔法少女まどか☆マギカ,SF/ファンタジー
魔法少女まどか☆マギカ,2011-01-14,8,137.25,62.5,88,24.11363636,16.5,,,,魔法少女まどか☆マギカ,SF/ファンタジー
魔法少女まどか☆マギカ,2011-01-14,8,137.25,62.5,88,24.11363636,16.5,,,,魔法少女まどか☆マギカ,SF/ファンタジー
魔法少女まどか☆マギカ,2011-01-14,8,137.25,62.5,88,24.11363636,16.5,,,,魔法少女まどか☆マギカ,SF/ファンタジー
魔法少女まどか☆マギカ,2011-01-14,8,137.25,62.5,88,24.11363636,16.5,,,,魔法少女まどか☆マギカ,SF/ファンタジー
デンキ街の本屋さん,2014-10-03,7,41,36,77,63.58441558,32,,,,デンキ街の本屋さん,恋愛/ラブコメ
真夜中のオカルト公務員,2018-10-09,1,121,121,4,261.75,238,,,,真夜中のオカルト公務員,SF/ファンタジー
波よ聞いてくれ,2020-03-09,4,188.75,180,42,206.9047619,119,,,,波よ聞いてくれ,ドラマ/青春
ZETMAN,2012-03-05,67,4.940298507,4,169,10.06508876,2,,,,ZETMAN,ドラマ/青春
ZETMAN,2012-03-05,67,4.940298507,4,169,10.06508876,2,,,,ZETMAN,ドラマ/青春
ZETMAN,2012-03-05,67,4.940298507,4,169,10.06508876,2,,,,ZETMAN,SF/ファンタジー
ZETMAN,2012-03-05,67,4.940298507,4,169,10.06508876,2,,,,ZETMAN,SF/ファンタジー
ZETMAN,2012-03-05,67,4.940298507,4,169,10.06508876,2,,,,ZETMAN,SF/ファンタジー
ZETMAN,2012-03-05,67,4.940298507,4,169,10.06508876,2,,,,ZETMAN,SF/ファンタジー
怪獣8号,2022-09-09,9,818.6666667,811,26,10265.88462,2233,14,2864.071429,2680,怪獣8号,ドラマ/青春
怪獣8号,2022-09-09,9,818.6666667,811,26,10265.88462,2233,14,2864.071429,2680,怪獣8号,アクション/バトル
Dance with Devils,2015-07-30,34,329.4117647,214.5,140,172.5714286,80,,,,Dance with Devils,ドラマ/青春
Dance with Devils,2015-07-30,34,329.4117647,214.5,140,172.5714286,80,,,,Dance with Devils,ドラマ/青春
Dance with Devils,2015-07-30,34,329.4117647,214.5,140,172.5714286,80,,,,Dance with Devils,SF/ファンタジー
可愛ければ変態でも好きになってくれますか?,2019-06-24,14,506.5714286,479.5,33,1053.121212,999,,,,可愛ければ変態でも好きになってくれますか?,ドラマ/青春
可愛ければ変態でも好きになってくれますか?,2019-06-24,14,506.5714286,479.5,33,1053.121212,999,,,,可愛ければ変態でも好きになってくれますか?,恋愛/ラブコメ
可愛ければ変態でも好きになってくれますか?,2019-06-24,14,506.5714286,479.5,33,1053.121212,999,,,,可愛ければ変態でも好きになってくれますか?,恋愛/ラブコメ
魔法科高校の劣等生,2014-02-02,135,74.22222222,71,285,146.2631579,80,,,,魔法科高校の劣等生,SF/ファンタジー
魔法科高校の劣等生,2014-02-02,135,74.22222222,71,285,146.2631579,80,,,,魔法科高校の劣等生,SF/ファンタジー
魔法科高校の劣等生,2014-02-02,135,74.22222222,71,285,146.2631579,80,,,,魔法科高校の劣等生,アクション/バトル
RWBY,2022-03-25,1,1427,1427,3,5738.333333,1715,,,,RWBY,SF/ファンタジー
RWBY,2022-03-25,1,1427,1427,3,5738.333333,1715,,,,RWBY,アクション/バトル
ぐらんぶる,2018-07-06,29,856.8965517,463,72,1254.180556,722.5,,,,ぐらんぶる,コメディ/ギャグ
老後に備えて異世界で8万枚の金貨を貯めます,2023-01-08,1,256,256,17,653.4705882,460,2,534,534,老後に備えて異世界で8万枚の金貨を貯めます,SF/ファンタジー
坂本ですが?,2016-03-11,63,341.5873016,220,42,300.3095238,47.5,,,,坂本ですが?,ドラマ/青春
坂本ですが?,2016-03-11,63,341.5873016,220,42,300.3095238,47.5,,,,坂本ですが?,コメディ/ギャグ
双星の陰陽師,2016-04-13,42,175.8571429,159,134,201.0074627,109.5,,,,双星の陰陽師,ドラマ/青春
双星の陰陽師,2016-04-13,42,175.8571429,159,134,201.0074627,109.5,,,,双星の陰陽師,恋愛/ラブコメ
双星の陰陽師,2016-04-13,42,175.8571429,159,134,201.0074627,109.5,,,,双星の陰陽師,SF/ファンタジー
双星の陰陽師,2016-04-13,42,175.8571429,159,134,201.0074627,109.5,,,,双星の陰陽師,アクション/バトル
刀使ノ巫女,2017-07-21,3,41.66666667,25,17,424.6470588,301,,,,刀使ノ巫女,アクション/バトル
境界線上のホライゾン,2011-06-02,51,21.05882353,17,273,20.05494505,12,,,,境界線上のホライゾン,ドラマ/青春
境界線上のホライゾン,2011-06-02,51,21.05882353,17,273,20.05494505,12,,,,境界線上のホライゾン,SF/ファンタジー
境界線上のホライゾン,2011-06-02,51,21.05882353,17,273,20.05494505,12,,,,境界線上のホライゾン,SF/ファンタジー
境界線上のホライゾン,2011-06-02,51,21.05882353,17,273,20.05494505,12,,,,境界線上のホライゾン,SF/ファンタジー
スペース☆ダンディ,2013-12-04,56,47.85714286,40,94,47.82978723,26,,,,スペース☆ダンディ,SF/ファンタジー
スペース☆ダンディ,2013-12-04,56,47.85714286,40,94,47.82978723,26,,,,スペース☆ダンディ,コメディ/ギャグ
スペース☆ダンディ,2013-12-04,56,47.85714286,40,94,47.82978723,26,,,,スペース☆ダンディ,アクション/バトル
シュガーアップル・フェアリーテイル,2023-02-07,68,398,357,260,355.2307692,304,,,,シュガーアップル・フェアリーテイル,SF/ファンタジー
86-エイティシックス-,2021-04-11,224,742.5714286,574.5,344,927.5930233,554.5,,,,86-エイティシックス-,SF/ファンタジー
86-エイティシックス-,2021-04-11,224,742.5714286,574.5,344,927.5930233,554.5,,,,86-エイティシックス-,SF/ファンタジー
86-エイティシックス-,2021-04-11,224,742.5714286,574.5,344,927.5930233,554.5,,,,86-エイティシックス-,アクション/バトル
おそ松くん,2015-08-26,176,4628,1927,56,3995.857143,3708,,,,おそ松くん,ドラマ/青春
おそ松くん,2015-08-26,176,4628,1927,56,3995.857143,3708,,,,おそ松くん,コメディ/ギャグ
バトルガール ハイスクール,2016-08-03,7,612.7142857,400,43,572.3488372,427,,,,バトルガール ハイスクール,アクション/バトル
うちの娘の為ならば、俺はもしかしたら魔王も倒せるかもしれない。,2019-03-20,1,839,839,4,1795.25,801.5,,,,うちの娘の為ならば、俺はもしかしたら魔王も倒せるかもしれない。,SF/ファンタジー
うちの娘の為ならば、俺はもしかしたら魔王も倒せるかもしれない。,2019-03-20,1,839,839,4,1795.25,801.5,,,,うちの娘の為ならば、俺はもしかしたら魔王も倒せるかもしれない。,SF/ファンタジー
あの日見た花の名前を僕達はまだ知らない。,2011-02-23,36,16.44444444,15,6,12,9,,,,あの日見た花の名前を僕達はまだ知らない。,恋愛/ラブコメ
あの日見た花の名前を僕達はまだ知らない。,2011-02-23,36,16.44444444,15,6,12,9,,,,あの日見た花の名前を僕達はまだ知らない。,SF/ファンタジー
かつて神だった獣たちへ,2019-05-31,6,169.6666667,161.5,42,200.5238095,130.5,,,,かつて神だった獣たちへ,SF/ファンタジー
かつて神だった獣たちへ,2019-05-31,6,169.6666667,161.5,42,200.5238095,130.5,,,,かつて神だった獣たちへ,SF/ファンタジー
のんのんびより,2020-10-27,48,346.4375,285,24,7896.625,4691.5,27,1776.444444,1440,のんのんびより,コメディ/ギャグ
天体のメソッド,2014-09-19,8,143.375,133,51,52.62745098,26,13,127.7692308,43,天体のメソッド,ドラマ/青春
天体のメソッド,2014-09-19,8,143.375,133,51,52.62745098,26,13,127.7692308,43,天体のメソッド,ドラマ/青春
天体のメソッド,2014-09-19,8,143.375,133,51,52.62745098,26,13,127.7692308,43,天体のメソッド,SF/ファンタジー
SELECTION PROJECT,2021-03-19,1,146,146,28,84.17857143,80.5,,,,SELECTION PROJECT,ドラマ/青春
灼熱カバディ,2021-04-03,4,525,505.5,46,1331.673913,937.5,17,2587.352941,1195,灼熱カバディ,ドラマ/青春
D.Gray-man,2016-03-04,1,1408,1408,27,5279.62963,3799,,,,D.Gray-man,ドラマ/青春
D.Gray-man,2016-03-04,1,1408,1408,27,5279.62963,3799,,,,D.Gray-man,SF/ファンタジー
D.Gray-man,2016-03-04,1,1408,1408,27,5279.62963,3799,,,,D.Gray-man,SF/ファンタジー
ろんぐらいだぁす!,2016-08-05,21,150.4761905,115,6,500.1666667,131.5,,,,ろんぐらいだぁす!,ドラマ/青春
カードキャプターさくら,2020-02-07,12,1280.666667,1426,12,2093.666667,828,,,,カードキャプターさくら,恋愛/ラブコメ
カードキャプターさくら,2020-02-07,12,1280.666667,1426,12,2093.666667,828,,,,カードキャプターさくら,SF/ファンタジー
宇宙なんちゃら こてつくん,2020-06-01,3,259.6666667,223,58,146.6896552,125.5,,,,宇宙なんちゃら こてつくん,SF/ファンタジー
銀河機攻隊 マジェスティックプリンス,2013-03-28,31,55.09677419,36,99,8.909090909,4,,,,銀河機攻隊 マジェスティックプリンス,SF/ファンタジー
政宗くんのリベンジ,2023-02-07,4,1520,1520,14,978.7142857,1071,,,,政宗くんのリベンジ,ドラマ/青春
政宗くんのリベンジ,2023-02-07,4,1520,1520,14,978.7142857,1071,,,,政宗くんのリベンジ,恋愛/ラブコメ
Axis powers ヘタリア,2021-03-26,6,3325,3812,70,14356.14286,13174,,,,Axis powers ヘタリア,コメディ/ギャグ
アリスと蔵六,2017-03-16,5,272.8,249,9,199.5555556,95,,,,アリスと蔵六,ドラマ/青春
アリスと蔵六,2017-03-16,5,272.8,249,9,199.5555556,95,,,,アリスと蔵六,SF/ファンタジー
アリスと蔵六,2017-03-16,5,272.8,249,9,199.5555556,95,,,,アリスと蔵六,SF/ファンタジー
アリスと蔵六,2017-03-16,5,272.8,249,9,199.5555556,95,,,,アリスと蔵六,SF/ファンタジー
たとえばラストダンジョン前の村の少年が序盤の街で暮らすような物語,2020-02-08,1,48,48,4,60.5,51.5,,,,たとえばラストダンジョン前の村の少年が序盤の街で暮らすような物語,SF/ファンタジー
たとえばラストダンジョン前の村の少年が序盤の街で暮らすような物語,2020-02-08,1,48,48,4,60.5,51.5,,,,たとえばラストダンジョン前の村の少年が序盤の街で暮らすような物語,SF/ファンタジー
HIGH CARD,2023-02-10,12,1137.5,1217.5,59,1130.152542,759,,,,HIGH CARD,アクション/バトル
プロジェクト・クオリディア,2016-07-15,47,260.5319149,138,57,292.2807018,235,33,134.6969697,112,プロジェクト・クオリディア,ドラマ/青春
プロジェクト・クオリディア,2016-07-15,47,260.5319149,138,57,292.2807018,235,33,134.6969697,112,プロジェクト・クオリディア,SF/ファンタジー
プロジェクト・クオリディア,2016-07-15,47,260.5319149,138,57,292.2807018,235,33,134.6969697,112,プロジェクト・クオリディア,SF/ファンタジー
となりの吸血鬼さん,2018-05-26,4,222.25,113.5,4,331.75,289.5,,,,となりの吸血鬼さん,コメディ/ギャグ
となりの吸血鬼さん,2018-05-26,4,222.25,113.5,4,331.75,289.5,,,,となりの吸血鬼さん,コメディ/ギャグ
中間管理録トネガワ,2018-08-22,6,176.3333333,135,53,873.8679245,305,1,211,211,中間管理録トネガワ,ドラマ/青春
中間管理録トネガワ,2018-08-22,6,176.3333333,135,53,873.8679245,305,1,211,211,中間管理録トネガワ,コメディ/ギャグ
蟲師,2014-01-23,63,508.1111111,332,133,752.2631579,305,,,,蟲師,SF/ファンタジー
不徳のギルド,2022-09-12,6,389.8333333,313,16,178.4375,100.5,4,530.75,28,不徳のギルド,恋愛/ラブコメ
不徳のギルド,2022-09-12,6,389.8333333,313,16,178.4375,100.5,4,530.75,28,不徳のギルド,SF/ファンタジー
不徳のギルド,2022-09-12,6,389.8333333,313,16,178.4375,100.5,4,530.75,28,不徳のギルド,コメディ/ギャグ
おーばーふろぉ,2019-04-08,10,52.5,51,12,127.5,62.5,,,,おーばーふろぉ,恋愛/ラブコメ
女神寮の寮母くん。,2021-08-06,2,178,178,63,222.5873016,166,3,93,98,女神寮の寮母くん。,ドラマ/青春
女神寮の寮母くん。,2021-08-06,2,178,178,63,222.5873016,166,3,93,98,女神寮の寮母くん。,恋愛/ラブコメ
女神寮の寮母くん。,2021-08-06,2,178,178,63,222.5873016,166,3,93,98,女神寮の寮母くん。,恋愛/ラブコメ
女神寮の寮母くん。,2021-08-06,2,178,178,63,222.5873016,166,3,93,98,女神寮の寮母くん。,恋愛/ラブコメ
あたしンち,2014-08-21,4,8.5,8.5,8,8.75,9,,,,あたしンち,コメディ/ギャグ
終末のイゼッタ,2016-12-06,3,281,175,189,226.8412698,112,,,,終末のイゼッタ,SF/ファンタジー
終末のイゼッタ,2016-12-06,3,281,175,189,226.8412698,112,,,,終末のイゼッタ,SF/ファンタジー
アホガール,2017-06-09,22,591.1363636,481.5,15,676.9333333,117,,,,アホガール,ドラマ/青春
アホガール,2017-06-09,22,591.1363636,481.5,15,676.9333333,117,,,,アホガール,ドラマ/青春
アホガール,2017-06-09,22,591.1363636,481.5,15,676.9333333,117,,,,アホガール,コメディ/ギャグ
呪術廻戦,2019-07-01,10,1276,1124,54,1923,1294,86,3790.883721,3278,呪術廻戦,ドラマ/青春
呪術廻戦,2019-07-01,10,1276,1124,54,1923,1294,86,3790.883721,3278,呪術廻戦,SF/ファンタジー
呪術廻戦,2019-07-01,10,1276,1124,54,1923,1294,86,3790.883721,3278,呪術廻戦,SF/ファンタジー
呪術廻戦,2019-07-01,10,1276,1124,54,1923,1294,86,3790.883721,3278,呪術廻戦,アクション/バトル
呪術廻戦,2019-07-01,10,1276,1124,54,1923,1294,86,3790.883721,3278,呪術廻戦,アクション/バトル
少女終末旅行,2017-10-06,8,769.125,664,18,1129.722222,937.5,,,,少女終末旅行,ドラマ/青春
少女終末旅行,2017-10-06,8,769.125,664,18,1129.722222,937.5,,,,少女終末旅行,SF/ファンタジー
少女終末旅行,2017-10-06,8,769.125,664,18,1129.722222,937.5,,,,少女終末旅行,SF/ファンタジー
少女終末旅行,2017-10-06,8,769.125,664,18,1129.722222,937.5,,,,少女終末旅行,SF/ファンタジー
Extreme Hearts,2022-07-10,3,225,230,29,197.6896552,163,,,,Extreme Hearts,ドラマ/青春
たまこまーけっと,2013-01-10,63,15.6031746,14,262,24.52671756,14,,,,たまこまーけっと,コメディ/ギャグ
マジカパーティ,2021-04-27,7,21.57142857,4,11,260.6363636,178,,,,マジカパーティ,SF/ファンタジー
平穏世代の韋駄天達,2021-06-11,23,321.0869565,295,13,588.3076923,238,3,395,158,平穏世代の韋駄天達,SF/ファンタジー
平穏世代の韋駄天達,2021-06-11,23,321.0869565,295,13,588.3076923,238,3,395,158,平穏世代の韋駄天達,SF/ファンタジー
ハナビちゃんは遅れがち,2022-07-11,1,86,86,34,402.7352941,217,29,83.13793103,46,ハナビちゃんは遅れがち,コメディ/ギャグ
てーきゅう,2012-11-18,70,22.85714286,24,870,11.70114943,9,,,,てーきゅう,コメディ/ギャグ
魔法使い黎明期,2022-04-08,10,82.1,65,44,219.8181818,114,9,248.8888889,122,魔法使い黎明期,SF/ファンタジー
4人はそれぞれウソをつく,2022-07-30,5,159.8,84,9,81,54,,,,4人はそれぞれウソをつく,ドラマ/青春
大図書館の羊飼い,2014-09-25,22,55.5,54.5,12,209.5833333,154,,,,大図書館の羊飼い,ドラマ/青春
大図書館の羊飼い,2014-09-25,22,55.5,54.5,12,209.5833333,154,,,,大図書館の羊飼い,恋愛/ラブコメ
大図書館の羊飼い,2014-09-25,22,55.5,54.5,12,209.5833333,154,,,,大図書館の羊飼い,恋愛/ラブコメ
大図書館の羊飼い,2014-09-25,22,55.5,54.5,12,209.5833333,154,,,,大図書館の羊飼い,恋愛/ラブコメ
アオのハコ,2021-12-16,1,4874,4874,29,3948.448276,3363,,,,アオのハコ,ドラマ/青春
アオのハコ,2021-12-16,1,4874,4874,29,3948.448276,3363,,,,アオのハコ,恋愛/ラブコメ
カノジョも彼女,2021-05-27,23,1040.826087,748,78,1458.75641,848,121,588.7768595,361,カノジョも彼女,ドラマ/青春
カノジョも彼女,2021-05-27,23,1040.826087,748,78,1458.75641,848,121,588.7768595,361,カノジョも彼女,恋愛/ラブコメ
虹色デイズ,2015-12-17,15,784.0666667,578,30,868.3666667,515.5,,,,虹色デイズ,ドラマ/青春
虹色デイズ,2015-12-17,15,784.0666667,578,30,868.3666667,515.5,,,,虹色デイズ,ドラマ/青春
虹色デイズ,2015-12-17,15,784.0666667,578,30,868.3666667,515.5,,,,虹色デイズ,恋愛/ラブコメ
GETUP! GETLIVE!,2019-08-28,3,177.6666667,193,5,384.2,262,,,,GETUP! GETLIVE!,コメディ/ギャグ
スパイ教室,2021-07-27,1,218,218,24,874.9583333,471,,,,スパイ教室,SF/ファンタジー
血界戦線,2015-02-04,42,959.2857143,198,228,187.377193,78.5,,,,血界戦線,SF/ファンタジー
血界戦線,2015-02-04,42,959.2857143,198,228,187.377193,78.5,,,,血界戦線,アクション/バトル
シャインポスト,2021-11-17,1,260,260,25,337.28,66,,,,シャインポスト,ドラマ/青春
EDENS ZERO,2021-04-25,8,1319.5,1067,74,3075.27027,1593,48,2235.708333,1264,EDENS ZERO,ドラマ/青春
EDENS ZERO,2021-04-25,8,1319.5,1067,74,3075.27027,1593,48,2235.708333,1264,EDENS ZERO,SF/ファンタジー
EDENS ZERO,2021-04-25,8,1319.5,1067,74,3075.27027,1593,48,2235.708333,1264,EDENS ZERO,SF/ファンタジー
リルリルフェアリル,2016-03-11,9,507.2222222,607,1,609,609,,,,リルリルフェアリル,SF/ファンタジー
リルリルフェアリル,2016-03-11,9,507.2222222,607,1,609,609,,,,リルリルフェアリル,コメディ/ギャグ
いぬやしき,2017-10-13,2,250.5,250.5,60,481.1166667,213,2,4027.5,4027.5,いぬやしき,ドラマ/青春
いぬやしき,2017-10-13,2,250.5,250.5,60,481.1166667,213,2,4027.5,4027.5,いぬやしき,SF/ファンタジー
いぬやしき,2017-10-13,2,250.5,250.5,60,481.1166667,213,2,4027.5,4027.5,いぬやしき,SF/ファンタジー
アクセル・ワールド,2011-12-09,24,6.333333333,6,52,10.30769231,7,,,,アクセル・ワールド,SF/ファンタジー
アクセル・ワールド,2011-12-09,24,6.333333333,6,52,10.30769231,7,,,,アクセル・ワールド,アクション/バトル
戦姫絶唱シンフォギア,2012-01-20,115,51.2173913,39,185,27.7027027,17,,,,戦姫絶唱シンフォギア,SF/ファンタジー
戦姫絶唱シンフォギア,2012-01-20,115,51.2173913,39,185,27.7027027,17,,,,戦姫絶唱シンフォギア,SF/ファンタジー
戦姫絶唱シンフォギア,2012-01-20,115,51.2173913,39,185,27.7027027,17,,,,戦姫絶唱シンフォギア,アクション/バトル
ストライク・ザ・ブラッド,2013-10-11,40,97.1,39,84,17.57142857,12,,,,ストライク・ザ・ブラッド,ドラマ/青春
ストライク・ザ・ブラッド,2013-10-11,40,97.1,39,84,17.57142857,12,,,,ストライク・ザ・ブラッド,SF/ファンタジー
ストライク・ザ・ブラッド,2013-10-11,40,97.1,39,84,17.57142857,12,,,,ストライク・ザ・ブラッド,SF/ファンタジー
ストライク・ザ・ブラッド,2013-10-11,40,97.1,39,84,17.57142857,12,,,,ストライク・ザ・ブラッド,SF/ファンタジー
ストライク・ザ・ブラッド,2013-10-11,40,97.1,39,84,17.57142857,12,,,,ストライク・ザ・ブラッド,アクション/バトル
うる星やつら,2022-10-14,42,5037.761905,3713,18,33708.55556,23109,58,22163.86207,8108,うる星やつら,ドラマ/青春
うる星やつら,2022-10-14,42,5037.761905,3713,18,33708.55556,23109,58,22163.86207,8108,うる星やつら,恋愛/ラブコメ
うる星やつら,2022-10-14,42,5037.761905,3713,18,33708.55556,23109,58,22163.86207,8108,うる星やつら,SF/ファンタジー
うる星やつら,2022-10-14,42,5037.761905,3713,18,33708.55556,23109,58,22163.86207,8108,うる星やつら,SF/ファンタジー
うる星やつら,2022-10-14,42,5037.761905,3713,18,33708.55556,23109,58,22163.86207,8108,うる星やつら,コメディ/ギャグ
恋は世界征服のあとで,2022-04-08,3,185.3333333,182,67,540.880597,190,46,365.9565217,138.5,恋は世界征服のあとで,恋愛/ラブコメ
最近雇ったメイドが怪しい,2022-06-21,3,710.3333333,654,13,4013.923077,1356,,,,最近雇ったメイドが怪しい,恋愛/ラブコメ
ハクメイとミコチ,2018-01-12,16,403.1875,359.5,38,684.6842105,355,,,,ハクメイとミコチ,SF/ファンタジー
盾の勇者の成り上がり,2019-01-10,14,608,605,102,250.3137255,188,,,,盾の勇者の成り上がり,SF/ファンタジー
リコリス・リコイル,2022-07-02,55,6962.090909,4197,86,816.6860465,361.5,3,5830,2986,リコリス・リコイル,アクション/バトル
学園ハンサム,2016-07-12,6,1814.166667,1007.5,11,1853.909091,415,,,,学園ハンサム,恋愛/ラブコメ
学園ハンサム,2016-07-12,6,1814.166667,1007.5,11,1853.909091,415,,,,学園ハンサム,コメディ/ギャグ
グランブルーファンタジー,2016-10-11,20,995.9,208,24,2169.166667,1469.5,,,,グランブルーファンタジー,アクション/バトル
あひるの空,2019-08-21,5,693,488,21,3225.333333,1120,,,,あひるの空,ドラマ/青春
あひるの空,2019-08-21,5,693,488,21,3225.333333,1120,,,,あひるの空,ドラマ/青春
うらみちお兄さん,2021-08-20,4,4657,3749.5,67,5046.686567,3542,9,7888.888889,3997,うらみちお兄さん,コメディ/ギャグ
うらみちお兄さん,2021-08-20,4,4657,3749.5,67,5046.686567,3542,9,7888.888889,3997,うらみちお兄さん,コメディ/ギャグ
夜桜四重奏 〜ヨザクラカルテット〜,2013-06-26,4,144,142.5,11,125.2727273,84,,,,夜桜四重奏 〜ヨザクラカルテット〜,SF/ファンタジー
夜桜四重奏 〜ヨザクラカルテット〜,2013-06-26,4,144,142.5,11,125.2727273,84,,,,夜桜四重奏 〜ヨザクラカルテット〜,SF/ファンタジー
夜桜四重奏 〜ヨザクラカルテット〜,2013-06-26,4,144,142.5,11,125.2727273,84,,,,夜桜四重奏 〜ヨザクラカルテット〜,コメディ/ギャグ
夜桜四重奏 〜ヨザクラカルテット〜,2013-06-26,4,144,142.5,11,125.2727273,84,,,,夜桜四重奏 〜ヨザクラカルテット〜,コメディ/ギャグ
夜桜四重奏 〜ヨザクラカルテット〜,2013-06-26,4,144,142.5,11,125.2727273,84,,,,夜桜四重奏 〜ヨザクラカルテット〜,コメディ/ギャグ
夜桜四重奏 〜ヨザクラカルテット〜,2013-06-26,4,144,142.5,11,125.2727273,84,,,,夜桜四重奏 〜ヨザクラカルテット〜,コメディ/ギャグ
夜桜四重奏 〜ヨザクラカルテット〜,2013-06-26,4,144,142.5,11,125.2727273,84,,,,夜桜四重奏 〜ヨザクラカルテット〜,アクション/バトル
トライガン,2022-11-27,3,1400.666667,643,28,3651.428571,2264,,,,トライガン,SF/ファンタジー
トライガン,2022-11-27,3,1400.666667,643,28,3651.428571,2264,,,,トライガン,アクション/バトル
対魔導学園35試験小隊,2015-09-27,24,66.875,57,48,43.22916667,30,,,,対魔導学園35試験小隊,恋愛/ラブコメ
対魔導学園35試験小隊,2015-09-27,24,66.875,57,48,43.22916667,30,,,,対魔導学園35試験小隊,アクション/バトル
妹さえいればいい。,2017-07-19,35,337.6,321,2,955.5,955.5,,,,妹さえいればいい。,恋愛/ラブコメ
ツルネ -風舞高校弓道部-,2018-09-07,330,878.4545455,555.5,145,2633.206897,1222,,,,ツルネ -風舞高校弓道部-,ドラマ/青春
ヴィンランド・サガ,2019-06-16,20,244.1,209.5,60,776.3,294.5,,,,ヴィンランド・サガ,アクション/バトル
異世界食堂,2017-07-04,21,268.4285714,191,37,309.2702703,151,,,,異世界食堂,SF/ファンタジー
IDOLY PRIDE,2020-02-04,11,337.8181818,291,23,573.9130435,443,,,,IDOLY PRIDE,ドラマ/青春
ゆるゆり,2011-06-12,264,41.46969697,21,116,26.79310345,14,,,,ゆるゆり,ドラマ/青春
ゆるゆり,2011-06-12,264,41.46969697,21,116,26.79310345,14,,,,ゆるゆり,恋愛/ラブコメ
テスラノート,2021-08-20,4,51.75,50.5,1,88,88,,,,テスラノート,アクション/バトル
葬送のフリーレン,2021-10-19,3,933.6666667,884,9,1518,1356,,,,葬送のフリーレン,ドラマ/青春
葬送のフリーレン,2021-10-19,3,933.6666667,884,9,1518,1356,,,,葬送のフリーレン,SF/ファンタジー
弱虫ペダル,2013-04-10,20,72.25,45.5,10,5.5,5.5,,,,弱虫ペダル,ドラマ/青春
弱虫ペダル,2013-04-10,20,72.25,45.5,10,5.5,5.5,,,,弱虫ペダル,ドラマ/青春
ハナヤマタ,2014-05-30,35,248.1142857,152,37,107.1621622,53,,,,ハナヤマタ,ドラマ/青春
ハナヤマタ,2014-05-30,35,248.1142857,152,37,107.1621622,53,,,,ハナヤマタ,ドラマ/青春
異種族レビュアーズ,2019-12-20,6,444.6666667,406,11,2105.818182,575,,,,異種族レビュアーズ,SF/ファンタジー
異種族レビュアーズ,2019-12-20,6,444.6666667,406,11,2105.818182,575,,,,異種族レビュアーズ,コメディ/ギャグ
宇宙よりも遠い場所,2018-02-26,36,1086.944444,827,166,583.8795181,375,,,,宇宙よりも遠い場所,ドラマ/青春
宇宙よりも遠い場所,2018-02-26,36,1086.944444,827,166,583.8795181,375,,,,宇宙よりも遠い場所,アクション/バトル
うちのメイドがウザすぎる!,2018-07-24,4,111.5,112.5,15,252.4666667,110,17,41,29,うちのメイドがウザすぎる!,恋愛/ラブコメ
うちのメイドがウザすぎる!,2018-07-24,4,111.5,112.5,15,252.4666667,110,17,41,29,うちのメイドがウザすぎる!,コメディ/ギャグ
妖狐×僕SS,2012-01-20,4,95,66,55,39.27272727,14,,,,妖狐×僕SS,ドラマ/青春
妖狐×僕SS,2012-01-20,4,95,66,55,39.27272727,14,,,,妖狐×僕SS,恋愛/ラブコメ
妖狐×僕SS,2012-01-20,4,95,66,55,39.27272727,14,,,,妖狐×僕SS,SF/ファンタジー
暁のヨナ,2014-08-06,6,157,157.5,5,149.2,117,,,,暁のヨナ,恋愛/ラブコメ
暁のヨナ,2014-08-06,6,157,157.5,5,149.2,117,,,,暁のヨナ,SF/ファンタジー
暁のヨナ,2014-08-06,6,157,157.5,5,149.2,117,,,,暁のヨナ,アクション/バトル
転生王女と天才令嬢の魔法革命,2023-01-12,19,1621.736842,1199,64,873.390625,608,,,,転生王女と天才令嬢の魔法革命,SF/ファンタジー
転生王女と天才令嬢の魔法革命,2023-01-12,19,1621.736842,1199,64,873.390625,608,,,,転生王女と天才令嬢の魔法革命,SF/ファンタジー
デスマーチからはじまる異世界狂想曲,2018-01-12,12,133.5,125,40,278.275,226,,,,デスマーチからはじまる異世界狂想曲,SF/ファンタジー
デスマーチからはじまる異世界狂想曲,2018-01-12,12,133.5,125,40,278.275,226,,,,デスマーチからはじまる異世界狂想曲,SF/ファンタジー
魔王学院の不適合者 〜史上最強の魔王の始祖、転生して子孫たちの学校へ通う〜,2020-07-05,126,1510.142857,1291.5,54,1541.166667,1198.5,30,1171.3,872.5,魔王学院の不適合者 〜史上最強の魔王の始祖、転生して子孫たちの学校へ通う〜,ドラマ/青春
魔王学院の不適合者 〜史上最強の魔王の始祖、転生して子孫たちの学校へ通う〜,2020-07-05,126,1510.142857,1291.5,54,1541.166667,1198.5,30,1171.3,872.5,魔王学院の不適合者 〜史上最強の魔王の始祖、転生して子孫たちの学校へ通う〜,SF/ファンタジー
魔王学院の不適合者 〜史上最強の魔王の始祖、転生して子孫たちの学校へ通う〜,2020-07-05,126,1510.142857,1291.5,54,1541.166667,1198.5,30,1171.3,872.5,魔王学院の不適合者 〜史上最強の魔王の始祖、転生して子孫たちの学校へ通う〜,SF/ファンタジー
白聖女と黒牧師,2023-04-21,6,2701.5,296.5,241,2074.008299,438,,,,白聖女と黒牧師,恋愛/ラブコメ
白聖女と黒牧師,2023-04-21,6,2701.5,296.5,241,2074.008299,438,,,,白聖女と黒牧師,SF/ファンタジー
忍たま乱太郎,2020-06-29,15,3435,3310,12,2131,2226,,,,忍たま乱太郎,コメディ/ギャグ
犬夜叉,2020-10-24,6,2568.666667,2567,148,4858.256757,2987,,,,犬夜叉,ドラマ/青春
犬夜叉,2020-10-24,6,2568.666667,2567,148,4858.256757,2987,,,,犬夜叉,SF/ファンタジー
犬夜叉,2020-10-24,6,2568.666667,2567,148,4858.256757,2987,,,,犬夜叉,アクション/バトル
TARI TARI,2012-06-29,29,76.48275862,65,11,32.09090909,22,,,,TARI TARI,ドラマ/青春
灼熱の卓球娘,2016-10-04,23,485.0434783,433,105,78.4,17,,,,灼熱の卓球娘,ドラマ/青春
この音とまれ!,2019-04-21,27,892.6666667,715,75,3063.76,1828,,,,この音とまれ!,ドラマ/青春
彼女、お借りします,2020-06-13,36,1391.5,976.5,351,3929.692308,2761,180,4745.383333,1249,彼女、お借りします,ドラマ/青春
彼女、お借りします,2020-06-13,36,1391.5,976.5,351,3929.692308,2761,180,4745.383333,1249,彼女、お借りします,恋愛/ラブコメ
乙女ゲー世界はモブに厳しい世界です,2022-04-01,1,339,339,44,506.0454545,360.5,,,,乙女ゲー世界はモブに厳しい世界です,SF/ファンタジー
悪役令嬢なのでラスボスを飼ってみました,2022-10-27,2,599,599,6,162.5,131,28,772.9642857,246,悪役令嬢なのでラスボスを飼ってみました,ドラマ/青春
悪役令嬢なのでラスボスを飼ってみました,2022-10-27,2,599,599,6,162.5,131,28,772.9642857,246,悪役令嬢なのでラスボスを飼ってみました,SF/ファンタジー
MAJOR,2018-04-24,12,140.75,144,180,312.3333333,140,,,,MAJOR,ドラマ/青春
MAJOR,2018-04-24,12,140.75,144,180,312.3333333,140,,,,MAJOR,ドラマ/青春
おちこぼれフルーツタルト,2020-07-26,7,533,372,9,1252.333333,693,7,1225.571429,1194,おちこぼれフルーツタルト,ドラマ/青春
見える子ちゃん,2021-08-13,7,766.5714286,419,29,1202.206897,795,,,,見える子ちゃん,コメディ/ギャグ
大正処女御伽話,2021-10-09,10,559.2,492.5,130,589.0692308,464,15,1187.4,875,大正処女御伽話,ドラマ/青春
大正処女御伽話,2021-10-09,10,559.2,492.5,130,589.0692308,464,15,1187.4,875,大正処女御伽話,恋愛/ラブコメ
アサルトリリィ,2019-12-07,9,243.3333333,196,74,195.3378378,124.5,,,,アサルトリリィ,アクション/バトル
まじもじるるも,2014-07-04,28,121.3928571,62,36,239.75,146.5,,,,まじもじるるも,ドラマ/青春
まじもじるるも,2014-07-04,28,121.3928571,62,36,239.75,146.5,,,,まじもじるるも,SF/ファンタジー
まじもじるるも,2014-07-04,28,121.3928571,62,36,239.75,146.5,,,,まじもじるるも,SF/ファンタジー
まじもじるるも,2014-07-04,28,121.3928571,62,36,239.75,146.5,,,,まじもじるるも,コメディ/ギャグ
回復術士のやり直し,2021-01-13,12,272.8333333,289.5,22,238.3636364,163.5,3,558.3333333,747,回復術士のやり直し,ドラマ/青春
回復術士のやり直し,2021-01-13,12,272.8333333,289.5,22,238.3636364,163.5,3,558.3333333,747,回復術士のやり直し,SF/ファンタジー
回復術士のやり直し,2021-01-13,12,272.8333333,289.5,22,238.3636364,163.5,3,558.3333333,747,回復術士のやり直し,SF/ファンタジー
魔法少女サイト,2018-03-16,41,318.3170732,246,75,459.12,186,,,,魔法少女サイト,SF/ファンタジー
魔法少女サイト,2018-03-16,41,318.3170732,246,75,459.12,186,,,,魔法少女サイト,SF/ファンタジー
魔法少女サイト,2018-03-16,41,318.3170732,246,75,459.12,186,,,,魔法少女サイト,SF/ファンタジー
ド級編隊エグゼロス,2020-06-21,24,340.2916667,304.5,33,552.3939394,446,22,795,404.5,ド級編隊エグゼロス,恋愛/ラブコメ
ド級編隊エグゼロス,2020-06-21,24,340.2916667,304.5,33,552.3939394,446,22,795,404.5,ド級編隊エグゼロス,SF/ファンタジー
ド級編隊エグゼロス,2020-06-21,24,340.2916667,304.5,33,552.3939394,446,22,795,404.5,ド級編隊エグゼロス,SF/ファンタジー
ド級編隊エグゼロス,2020-06-21,24,340.2916667,304.5,33,552.3939394,446,22,795,404.5,ド級編隊エグゼロス,コメディ/ギャグ
ド級編隊エグゼロス,2020-06-21,24,340.2916667,304.5,33,552.3939394,446,22,795,404.5,ド級編隊エグゼロス,コメディ/ギャグ
ド級編隊エグゼロス,2020-06-21,24,340.2916667,304.5,33,552.3939394,446,22,795,404.5,ド級編隊エグゼロス,アクション/バトル
はじめてのギャル,2017-06-23,128,200.484375,124,36,242.6944444,122,,,,はじめてのギャル,ドラマ/青春
はじめてのギャル,2017-06-23,128,200.484375,124,36,242.6944444,122,,,,はじめてのギャル,恋愛/ラブコメ
この勇者が俺TUEEEくせに慎重すぎる,2019-10-03,12,278.1666667,248,59,187.1525424,60,,,,この勇者が俺TUEEEくせに慎重すぎる,SF/ファンタジー
プラスティック・メモリーズ,2015-04-12,60,105.8,82.5,69,65.14492754,47,18,33.38888889,9,プラスティック・メモリーズ,恋愛/ラブコメ
プラスティック・メモリーズ,2015-04-12,60,105.8,82.5,69,65.14492754,47,18,33.38888889,9,プラスティック・メモリーズ,SF/ファンタジー
プラスティック・メモリーズ,2015-04-12,60,105.8,82.5,69,65.14492754,47,18,33.38888889,9,プラスティック・メモリーズ,SF/ファンタジー
であいもん,2022-03-31,9,490.8888889,364,16,1097.375,728,15,1745.333333,334,であいもん,ドラマ/青春
とんかつDJアゲ太郎,2015-08-04,1,85,85,23,83.7826087,66,,,,とんかつDJアゲ太郎,コメディ/ギャグ
群れなせ!シートン学園,2019-12-23,3,251,232,3,1509,1989,,,,群れなせ!シートン学園,ドラマ/青春
群れなせ!シートン学園,2019-12-23,3,251,232,3,1509,1989,,,,群れなせ!シートン学園,ドラマ/青春
群れなせ!シートン学園,2019-12-23,3,251,232,3,1509,1989,,,,群れなせ!シートン学園,恋愛/ラブコメ
俺が好きなのは妹だけど妹じゃない,2018-10-11,2,563.5,563.5,40,497.75,420.5,,,,俺が好きなのは妹だけど妹じゃない,ドラマ/青春
俺が好きなのは妹だけど妹じゃない,2018-10-11,2,563.5,563.5,40,497.75,420.5,,,,俺が好きなのは妹だけど妹じゃない,恋愛/ラブコメ
HUNTER×HUNTER,2020-09-14,2,1853,1853,38,310,124,2,656,656,HUNTER×HUNTER,SF/ファンタジー
HUNTER×HUNTER,2020-09-14,2,1853,1853,38,310,124,2,656,656,HUNTER×HUNTER,SF/ファンタジー
HUNTER×HUNTER,2020-09-14,2,1853,1853,38,310,124,2,656,656,HUNTER×HUNTER,SF/ファンタジー
HUNTER×HUNTER,2020-09-14,2,1853,1853,38,310,124,2,656,656,HUNTER×HUNTER,SF/ファンタジー
HUNTER×HUNTER,2020-09-14,2,1853,1853,38,310,124,2,656,656,HUNTER×HUNTER,SF/ファンタジー
HUNTER×HUNTER,2020-09-14,2,1853,1853,38,310,124,2,656,656,HUNTER×HUNTER,SF/ファンタジー
HUNTER×HUNTER,2020-09-14,2,1853,1853,38,310,124,2,656,656,HUNTER×HUNTER,アクション/バトル
アイドールズ!,2021-01-08,5,41.6,36,74,34.66216216,18.5,,,,アイドールズ!,ドラマ/青春
フットサルボーイズ!!!!!,2021-10-10,23,126.4782609,110,63,114.968254,102,223,109.0179372,99,フットサルボーイズ!!!!!,ドラマ/青春
異世界薬局,2022-06-29,10,152.8,128.5,26,235.1153846,116.5,,,,異世界薬局,SF/ファンタジー
異世界薬局,2022-06-29,10,152.8,128.5,26,235.1153846,116.5,,,,異世界薬局,SF/ファンタジー
コードギアス,2021-10-09,5,894.2,606,97,1833.938144,1455,67,1004.477612,794,コードギアス,SF/ファンタジー
コードギアス,2021-10-09,5,894.2,606,97,1833.938144,1455,67,1004.477612,794,コードギアス,SF/ファンタジー
コードギアス,2021-10-09,5,894.2,606,97,1833.938144,1455,67,1004.477612,794,コードギアス,SF/ファンタジー
コードギアス,2021-10-09,5,894.2,606,97,1833.938144,1455,67,1004.477612,794,コードギアス,SF/ファンタジー
聖闘士星矢,2022-11-22,12,604.3333333,525,32,171.5,128.5,68,153.2352941,149,聖闘士星矢,ドラマ/青春
聖闘士星矢,2022-11-22,12,604.3333333,525,32,171.5,128.5,68,153.2352941,149,聖闘士星矢,SF/ファンタジー
おとなの防具屋さん,2021-04-28,6,23.33333333,23,62,82.83870968,43,92,31.2173913,6.5,おとなの防具屋さん,恋愛/ラブコメ
おとなの防具屋さん,2021-04-28,6,23.33333333,23,62,82.83870968,43,92,31.2173913,6.5,おとなの防具屋さん,SF/ファンタジー
ヴァニタスの手記,2021-07-17,110,1247.418182,1041,130,3021.307692,1601,,,,ヴァニタスの手記,SF/ファンタジー
ヴァニタスの手記,2021-07-17,110,1247.418182,1041,130,3021.307692,1601,,,,ヴァニタスの手記,SF/ファンタジー
Aチャンネル,2011-04-14,7,21.42857143,18,7,16.57142857,12,,,,Aチャンネル,ドラマ/青春
うしおととら,2015-05-27,9,604,741,72,505.375,325.5,,,,うしおととら,SF/ファンタジー
うしおととら,2015-05-27,9,604,741,72,505.375,325.5,,,,うしおととら,アクション/バトル
うしおととら,2015-05-27,9,604,741,72,505.375,325.5,,,,うしおととら,アクション/バトル
ジョーカー・ゲーム,2016-02-10,18,225.6111111,126.5,49,696.1632653,279,14,341.2142857,60.5,ジョーカー・ゲーム,アクション/バトル
ナンバカ,2016-09-28,16,560.0625,355.5,36,372.6944444,245,,,,ナンバカ,コメディ/ギャグ
ナンバカ,2016-09-28,16,560.0625,355.5,36,372.6944444,245,,,,ナンバカ,コメディ/ギャグ
徒然チルドレン,2017-06-14,13,440.8461538,230,8,1124.375,564.5,,,,徒然チルドレン,ドラマ/青春
徒然チルドレン,2017-06-14,13,440.8461538,230,8,1124.375,564.5,,,,徒然チルドレン,恋愛/ラブコメ
一週間フレンズ。,2014-04-07,21,190.4761905,150,70,107.7285714,79,,,,一週間フレンズ。,ドラマ/青春
一週間フレンズ。,2014-04-07,21,190.4761905,150,70,107.7285714,79,,,,一週間フレンズ。,ドラマ/青春
一週間フレンズ。,2014-04-07,21,190.4761905,150,70,107.7285714,79,,,,一週間フレンズ。,恋愛/ラブコメ
海月姫,2014-07-03,1,557,557,43,187.7906977,117,,,,海月姫,恋愛/ラブコメ
海月姫,2014-07-03,1,557,557,43,187.7906977,117,,,,海月姫,コメディ/ギャグ
わたしの幸せな結婚,2021-05-21,18,557.3333333,576,6,1085.333333,705,,,,わたしの幸せな結婚,恋愛/ラブコメ
わたしの幸せな結婚,2021-05-21,18,557.3333333,576,6,1085.333333,705,,,,わたしの幸せな結婚,SF/ファンタジー
恋する小惑星,2019-11-28,18,577.1111111,534,17,1630.235294,1228,3,1267,761,恋する小惑星,ドラマ/青春
安達としまむら,2020-05-01,1,5125,5125,1,1238,1238,5,2909.4,3304,安達としまむら,ドラマ/青春
安達としまむら,2020-05-01,1,5125,5125,1,1238,1238,5,2909.4,3304,安達としまむら,恋愛/ラブコメ
テレビ野郎 ナナーナ,2019-07-01,9,199.6666667,40,68,86.10294118,55,,,,テレビ野郎 ナナーナ,コメディ/ギャグ
魔王イブロギアに身を捧げよ,2020-11-22,6,22.5,21.5,163,29.39263804,8,,,,魔王イブロギアに身を捧げよ,恋愛/ラブコメ
錆喰いビスコ,2022-01-10,17,369.0588235,279,26,830.6153846,518,8,518,492.5,錆喰いビスコ,SF/ファンタジー
つり球,2012-04-01,22,167.3636364,96.5,41,45.6097561,22,,,,つり球,ドラマ/青春
つり球,2012-04-01,22,167.3636364,96.5,41,45.6097561,22,,,,つり球,SF/ファンタジー
つり球,2012-04-01,22,167.3636364,96.5,41,45.6097561,22,,,,つり球,SF/ファンタジー
つり球,2012-04-01,22,167.3636364,96.5,41,45.6097561,22,,,,つり球,SF/ファンタジー
東京喰種トーキョーグール,2014-04-03,24,243.6666667,229,144,94.52777778,41.5,,,,東京喰種トーキョーグール,ドラマ/青春
東京喰種トーキョーグール,2014-04-03,24,243.6666667,229,144,94.52777778,41.5,,,,東京喰種トーキョーグール,SF/ファンタジー
東京喰種トーキョーグール,2014-04-03,24,243.6666667,229,144,94.52777778,41.5,,,,東京喰種トーキョーグール,SF/ファンタジー
東京喰種トーキョーグール,2014-04-03,24,243.6666667,229,144,94.52777778,41.5,,,,東京喰種トーキョーグール,アクション/バトル
新妹魔王の契約者,2014-11-25,46,138,48,18,88.55555556,55,,,,新妹魔王の契約者,恋愛/ラブコメ
新妹魔王の契約者,2014-11-25,46,138,48,18,88.55555556,55,,,,新妹魔王の契約者,アクション/バトル
ジャヒー様はくじけない!,2021-08-01,5,1622.6,1553,34,1408.470588,636.5,,,,ジャヒー様はくじけない!,SF/ファンタジー
ジャヒー様はくじけない!,2021-08-01,5,1622.6,1553,34,1408.470588,636.5,,,,ジャヒー様はくじけない!,SF/ファンタジー
ジャヒー様はくじけない!,2021-08-01,5,1622.6,1553,34,1408.470588,636.5,,,,ジャヒー様はくじけない!,コメディ/ギャグ
ジャヒー様はくじけない!,2021-08-01,5,1622.6,1553,34,1408.470588,636.5,,,,ジャヒー様はくじけない!,コメディ/ギャグ
ノラガミ,2013-10-07,26,124.2307692,116,66,80.54545455,25,,,,ノラガミ,アクション/バトル
くノ一ツバキの胸の内,2022-03-11,55,397,316,48,688.1666667,604,,,,くノ一ツバキの胸の内,コメディ/ギャグ
贄姫と獣の王,2023-04-20,4,268.5,268.5,106,442.3018868,192,38,738.8421053,327,贄姫と獣の王,SF/ファンタジー
贄姫と獣の王,2023-04-20,4,268.5,268.5,106,442.3018868,192,38,738.8421053,327,贄姫と獣の王,SF/ファンタジー
ヒナまつり,2018-03-04,11,353.3636364,252,17,305.5294118,169,,,,ヒナまつり,SF/ファンタジー
ヒナまつり,2018-03-04,11,353.3636364,252,17,305.5294118,169,,,,ヒナまつり,コメディ/ギャグ
コジコジ,2011-07-20,2,29.5,29.5,90,7.466666667,5,46,0.7173913043,0,コジコジ,コメディ/ギャグ
フレームアームズ,2017-01-12,9,129.7777778,104,25,454.48,184,,,,フレームアームズ,SF/ファンタジー
フレームアームズ,2017-01-12,9,129.7777778,104,25,454.48,184,,,,フレームアームズ,SF/ファンタジー
フレームアームズ,2017-01-12,9,129.7777778,104,25,454.48,184,,,,フレームアームズ,アクション/バトル
魔女の旅々,2020-02-05,4,453,478.5,57,688.4210526,608,,,,魔女の旅々,SF/ファンタジー
宝石の国,2017-10-07,35,2736,1962,99,1914.747475,1542,,,,宝石の国,SF/ファンタジー
宝石の国,2017-10-07,35,2736,1962,99,1914.747475,1542,,,,宝石の国,SF/ファンタジー
宝石の国,2017-10-07,35,2736,1962,99,1914.747475,1542,,,,宝石の国,SF/ファンタジー
ムヒョとロージーの魔法律相談事務所,2018-07-17,48,693.625,340,372,1285.983871,303.5,,,,ムヒョとロージーの魔法律相談事務所,SF/ファンタジー
ムヒョとロージーの魔法律相談事務所,2018-07-17,48,693.625,340,372,1285.983871,303.5,,,,ムヒョとロージーの魔法律相談事務所,SF/ファンタジー
寄宿学校のジュリエット,2018-08-10,20,1431.85,799,32,1529.4375,1180.5,,,,寄宿学校のジュリエット,ドラマ/青春
寄宿学校のジュリエット,2018-08-10,20,1431.85,799,32,1529.4375,1180.5,,,,寄宿学校のジュリエット,ドラマ/青春
寄宿学校のジュリエット,2018-08-10,20,1431.85,799,32,1529.4375,1180.5,,,,寄宿学校のジュリエット,恋愛/ラブコメ
俺の彼女と幼なじみが修羅場すぎる,2012-11-19,12,79.75,46.5,25,39.04,18,,,,俺の彼女と幼なじみが修羅場すぎる,ドラマ/青春
俺の彼女と幼なじみが修羅場すぎる,2012-11-19,12,79.75,46.5,25,39.04,18,,,,俺の彼女と幼なじみが修羅場すぎる,恋愛/ラブコメ
ビビッドレッド・オペレーション,2013-01-13,108,24.41666667,15,261,36.88122605,22,49,9.142857143,4,ビビッドレッド・オペレーション,SF/ファンタジー
ビビッドレッド・オペレーション,2013-01-13,108,24.41666667,15,261,36.88122605,22,49,9.142857143,4,ビビッドレッド・オペレーション,SF/ファンタジー
ビビッドレッド・オペレーション,2013-01-13,108,24.41666667,15,261,36.88122605,22,49,9.142857143,4,ビビッドレッド・オペレーション,アクション/バトル
ディーふらぐ!,2014-01-11,14,59.92857143,50.5,50,53.14,30,,,,ディーふらぐ!,ドラマ/青春
ディーふらぐ!,2014-01-11,14,59.92857143,50.5,50,53.14,30,,,,ディーふらぐ!,コメディ/ギャグ
でーじミーツガール,2021-09-13,4,109.75,86.5,13,310.9230769,284,,,,でーじミーツガール,SF/ファンタジー
ツンデレ悪役令嬢リーゼロッテと実況の遠藤くんと解説の小林さん,2022-10-06,1,1983,1983,33,517.0909091,202,,,,ツンデレ悪役令嬢リーゼロッテと実況の遠藤くんと解説の小林さん,ドラマ/青春
ツンデレ悪役令嬢リーゼロッテと実況の遠藤くんと解説の小林さん,2022-10-06,1,1983,1983,33,517.0909091,202,,,,ツンデレ悪役令嬢リーゼロッテと実況の遠藤くんと解説の小林さん,コメディ/ギャグ
人間不信の冒険者たちが世界を救うようです,2022-12-06,1,268,268,21,307.6666667,125,,,,人間不信の冒険者たちが世界を救うようです,SF/ファンタジー
人間不信の冒険者たちが世界を救うようです,2022-12-06,1,268,268,21,307.6666667,125,,,,人間不信の冒険者たちが世界を救うようです,アクション/バトル
死神坊ちゃんと黒メイド,2021-07-04,456,526.9078947,442,528,864.2159091,480,,,,死神坊ちゃんと黒メイド,ドラマ/青春
死神坊ちゃんと黒メイド,2021-07-04,456,526.9078947,442,528,864.2159091,480,,,,死神坊ちゃんと黒メイド,恋愛/ラブコメ
死神坊ちゃんと黒メイド,2021-07-04,456,526.9078947,442,528,864.2159091,480,,,,死神坊ちゃんと黒メイド,SF/ファンタジー
死神坊ちゃんと黒メイド,2021-07-04,456,526.9078947,442,528,864.2159091,480,,,,死神坊ちゃんと黒メイド,SF/ファンタジー
死神坊ちゃんと黒メイド,2021-07-04,456,526.9078947,442,528,864.2159091,480,,,,死神坊ちゃんと黒メイド,コメディ/ギャグ
死神坊ちゃんと黒メイド,2021-07-04,456,526.9078947,442,528,864.2159091,480,,,,死神坊ちゃんと黒メイド,コメディ/ギャグ
終末なにしてますか? 忙しいですか? 救ってもらっていいですか?,2017-04-22,25,256.4,231,22,379,257,,,,終末なにしてますか? 忙しいですか? 救ってもらっていいですか?,SF/ファンタジー
終末なにしてますか? 忙しいですか? 救ってもらっていいですか?,2017-04-22,25,256.4,231,22,379,257,,,,終末なにしてますか? 忙しいですか? 救ってもらっていいですか?,コメディ/ギャグ
荒ぶる季節の乙女どもよ。,2019-07-13,6,302,204,75,471.04,183,27,185.2222222,59,荒ぶる季節の乙女どもよ。,ドラマ/青春
荒ぶる季節の乙女どもよ。,2019-07-13,6,302,204,75,471.04,183,27,185.2222222,59,荒ぶる季節の乙女どもよ。,ドラマ/青春
多田くんは恋をしない,2018-04-06,62,311.9354839,269.5,82,590.7317073,170.5,5,30.4,25,多田くんは恋をしない,ドラマ/青春
多田くんは恋をしない,2018-04-06,62,311.9354839,269.5,82,590.7317073,170.5,5,30.4,25,多田くんは恋をしない,恋愛/ラブコメ
ハッピーシュガーライフ,2018-05-10,13,551,480,36,731.8611111,405.5,,,,ハッピーシュガーライフ,恋愛/ラブコメ
がっこうぐらし!,2015-06-26,75,650.3066667,347,43,192.8139535,155,,,,がっこうぐらし!,ドラマ/青春
がっこうぐらし!,2015-06-26,75,650.3066667,347,43,192.8139535,155,,,,がっこうぐらし!,アクション/バトル
群青のファンファーレ,2022-03-06,38,361.2894737,244,94,765.2340426,201.5,5,273.2,247,群青のファンファーレ,ドラマ/青春
歌舞伎町シャーロック,2019-10-11,28,216.8214286,184.5,57,534.245614,283,,,,歌舞伎町シャーロック,コメディ/ギャグ
歌舞伎町シャーロック,2019-10-11,28,216.8214286,184.5,57,534.245614,283,,,,歌舞伎町シャーロック,コメディ/ギャグ
空挺ドラゴンズ,2020-01-27,2,345,345,101,208.4257426,106,,,,空挺ドラゴンズ,SF/ファンタジー
空挺ドラゴンズ,2020-01-27,2,345,345,101,208.4257426,106,,,,空挺ドラゴンズ,SF/ファンタジー
恋は雨上がりのように,2018-01-19,7,607.8571429,611,50,1241.74,529,,,,恋は雨上がりのように,恋愛/ラブコメ
怪盗ジョーカー,2015-03-26,60,107.3333333,84,70,77,67,,,,怪盗ジョーカー,アクション/バトル
組長娘と世話係,2022-04-08,4,704.5,707.5,29,3236.448276,2434,,,,組長娘と世話係,アクション/バトル
プリンセス・プリンシパル,2017-06-12,55,567.3090909,397,17,280.4117647,276,,,,プリンセス・プリンシパル,SF/ファンタジー
プリンセス・プリンシパル,2017-06-12,55,567.3090909,397,17,280.4117647,276,,,,プリンセス・プリンシパル,アクション/バトル
アニメガタリ,2017-08-04,23,82.2173913,70,230,48.34782609,22,,,,アニメガタリ,ドラマ/青春
青春ブタ野郎シリーズ,2018-08-15,128,1428.28125,1232.5,118,1413.847458,1135,,,,青春ブタ野郎シリーズ,ドラマ/青春
青春ブタ野郎シリーズ,2018-08-15,128,1428.28125,1232.5,118,1413.847458,1135,,,,青春ブタ野郎シリーズ,恋愛/ラブコメ
青春ブタ野郎シリーズ,2018-08-15,128,1428.28125,1232.5,118,1413.847458,1135,,,,青春ブタ野郎シリーズ,SF/ファンタジー
青春ブタ野郎シリーズ,2018-08-15,128,1428.28125,1232.5,118,1413.847458,1135,,,,青春ブタ野郎シリーズ,SF/ファンタジー
青春ブタ野郎シリーズ,2018-08-15,128,1428.28125,1232.5,118,1413.847458,1135,,,,青春ブタ野郎シリーズ,SF/ファンタジー
今日もツノがある,2019-03-06,1,169,169,23,1168.434783,423,,,,今日もツノがある,コメディ/ギャグ
BASTARD!! -暗黒の破壊神-,2023-02-12,15,203.8,225,102,296.8823529,251.5,,,,BASTARD!! -暗黒の破壊神-,SF/ファンタジー
BASTARD!! -暗黒の破壊神-,2023-02-12,15,203.8,225,102,296.8823529,251.5,,,,BASTARD!! -暗黒の破壊神-,SF/ファンタジー
ゆゆ式,2013-03-03,17,53,35,80,20.725,11,,,,ゆゆ式,ドラマ/青春
アルスラーン戦記,2015-03-14,108,310.6111111,255.5,234,265.4487179,101.5,,,,アルスラーン戦記,SF/ファンタジー
まいてつ,2020-07-22,11,290.5454545,297,2,2505.5,2505.5,,,,まいてつ,アクション/バトル
天地創造デザイン部,2020-10-30,29,300.5517241,121,42,506.7619048,129.5,9,655.6666667,54,天地創造デザイン部,SF/ファンタジー
天地創造デザイン部,2020-10-30,29,300.5517241,121,42,506.7619048,129.5,9,655.6666667,54,天地創造デザイン部,コメディ/ギャグ
賢者の弟子を名乗る賢者,2021-11-05,5,285.2,274,5,2401.2,1792,7,685.8571429,353,賢者の弟子を名乗る賢者,SF/ファンタジー
賢者の弟子を名乗る賢者,2021-11-05,5,285.2,274,5,2401.2,1792,7,685.8571429,353,賢者の弟子を名乗る賢者,SF/ファンタジー
その着せ替え人形は恋をする,2022-01-09,70,3445.671429,2522,75,2931.173333,1333,,,,その着せ替え人形は恋をする,ドラマ/青春
その着せ替え人形は恋をする,2022-01-09,70,3445.671429,2522,75,2931.173333,1333,,,,その着せ替え人形は恋をする,恋愛/ラブコメ
ひげを剃る。そして女子高生を拾う。,2021-04-21,3,1257.666667,1288,24,1451.166667,727.5,26,1751.5,823,ひげを剃る。そして女子高生を拾う。,恋愛/ラブコメ
異世界魔王と召喚少女の奴隷魔術,2018-03-24,20,86.3,41,20,91.8,12.5,,,,異世界魔王と召喚少女の奴隷魔術,SF/ファンタジー
マッシュル -MASHLE-,2020-11-11,2,1308.5,1308.5,17,1978.352941,1778,,,,マッシュル -MASHLE-,ドラマ/青春
マッシュル -MASHLE-,2020-11-11,2,1308.5,1308.5,17,1978.352941,1778,,,,マッシュル -MASHLE-,ドラマ/青春
マッシュル -MASHLE-,2020-11-11,2,1308.5,1308.5,17,1978.352941,1778,,,,マッシュル -MASHLE-,SF/ファンタジー
マッシュル -MASHLE-,2020-11-11,2,1308.5,1308.5,17,1978.352941,1778,,,,マッシュル -MASHLE-,SF/ファンタジー
マッシュル -MASHLE-,2020-11-11,2,1308.5,1308.5,17,1978.352941,1778,,,,マッシュル -MASHLE-,コメディ/ギャグ
マッシュル -MASHLE-,2020-11-11,2,1308.5,1308.5,17,1978.352941,1778,,,,マッシュル -MASHLE-,コメディ/ギャグ
マッシュル -MASHLE-,2020-11-11,2,1308.5,1308.5,17,1978.352941,1778,,,,マッシュル -MASHLE-,アクション/バトル
マッシュル -MASHLE-,2020-11-11,2,1308.5,1308.5,17,1978.352941,1778,,,,マッシュル -MASHLE-,アクション/バトル
世界でいちばん強くなりたい!,2013-09-18,13,11,9,15,10.13333333,6,2,8,8,世界でいちばん強くなりたい!,ドラマ/青春
世界でいちばん強くなりたい!,2013-09-18,13,11,9,15,10.13333333,6,2,8,8,世界でいちばん強くなりたい!,恋愛/ラブコメ
お兄ちゃんはおしまい!,2022-12-23,8,1735.125,1728,81,558.4320988,509,27,521.1851852,262,お兄ちゃんはおしまい!,コメディ/ギャグ
クズの本懐,2016-12-24,71,485.1830986,355,21,2428.52381,1788,12,2232.25,649,クズの本懐,恋愛/ラブコメ
抱かれたい男1位に脅されています。,2018-06-25,11,936.1818182,813,17,6415.941176,2531,,,,抱かれたい男1位に脅されています。,恋愛/ラブコメ
宇崎ちゃんは遊びたい!,2020-03-22,21,349.7142857,325,57,5874.210526,996,69,329.3043478,168,宇崎ちゃんは遊びたい!,恋愛/ラブコメ
バクテン!!,2021-04-09,17,1440.588235,818,86,1002.744186,837,,,,バクテン!!,ドラマ/青春
俺だけ入れる隠しダンジョン,2020-12-27,6,230,190.5,24,365.4583333,190,17,181,67,俺だけ入れる隠しダンジョン,恋愛/ラブコメ
俺だけ入れる隠しダンジョン,2020-12-27,6,230,190.5,24,365.4583333,190,17,181,67,俺だけ入れる隠しダンジョン,SF/ファンタジー
土下座で頼んでみた,2020-09-30,2,270,270,6,485.1666667,33.5,,,,土下座で頼んでみた,恋愛/ラブコメ
阿波連さんははかれない,2022-04-02,2,2301.5,2301.5,64,1931.21875,1690,11,3478.090909,969,阿波連さんははかれない,ドラマ/青春
阿波連さんははかれない,2022-04-02,2,2301.5,2301.5,64,1931.21875,1690,11,3478.090909,969,阿波連さんははかれない,恋愛/ラブコメ
宇宙戦艦ティラミス,2018-03-23,34,195.4411765,91,33,351.9393939,150,,,,宇宙戦艦ティラミス,SF/ファンタジー
宇宙戦艦ティラミス,2018-03-23,34,195.4411765,91,33,351.9393939,150,,,,宇宙戦艦ティラミス,SF/ファンタジー
宇宙戦艦ティラミス,2018-03-23,34,195.4411765,91,33,351.9393939,150,,,,宇宙戦艦ティラミス,SF/ファンタジー
宇宙戦艦ティラミス,2018-03-23,34,195.4411765,91,33,351.9393939,150,,,,宇宙戦艦ティラミス,コメディ/ギャグ
ブギーポップシリーズ,2019-01-04,8,479.125,332.5,32,733.875,515,1,4245,4245,ブギーポップシリーズ,ドラマ/青春
ブギーポップシリーズ,2019-01-04,8,479.125,332.5,32,733.875,515,1,4245,4245,ブギーポップシリーズ,ドラマ/青春
ブギーポップシリーズ,2019-01-04,8,479.125,332.5,32,733.875,515,1,4245,4245,ブギーポップシリーズ,SF/ファンタジー
ブギーポップシリーズ,2019-01-04,8,479.125,332.5,32,733.875,515,1,4245,4245,ブギーポップシリーズ,SF/ファンタジー
ブギーポップシリーズ,2019-01-04,8,479.125,332.5,32,733.875,515,1,4245,4245,ブギーポップシリーズ,SF/ファンタジー
蜘蛛ですが、なにか?,2021-01-08,22,209.8181818,137,116,389,165,10,716.4,526,蜘蛛ですが、なにか?,ドラマ/青春
蜘蛛ですが、なにか?,2021-01-08,22,209.8181818,137,116,389,165,10,716.4,526,蜘蛛ですが、なにか?,SF/ファンタジー
監獄学園,2015-07-11,47,272.2978723,196,65,401.2,159,,,,監獄学園,ドラマ/青春
監獄学園,2015-07-11,47,272.2978723,196,65,401.2,159,,,,監獄学園,コメディ/ギャグ
監獄学園,2015-07-11,47,272.2978723,196,65,401.2,159,,,,監獄学園,コメディ/ギャグ
風夏,2016-12-27,38,332.4473684,320.5,19,316.4736842,199,,,,風夏,ドラマ/青春
風夏,2016-12-27,38,332.4473684,320.5,19,316.4736842,199,,,,風夏,ドラマ/青春
風夏,2016-12-27,38,332.4473684,320.5,19,316.4736842,199,,,,風夏,恋愛/ラブコメ
王室教師ハイネ,2017-01-25,36,773.5277778,824.5,7,564.7142857,349,,,,王室教師ハイネ,コメディ/ギャグ
灰と幻想のグリムガル,2016-01-11,47,342.6382979,276,98,187.1326531,96,,,,灰と幻想のグリムガル,アクション/バトル
サクラダリセット,2017-04-06,41,104.9756098,75,76,375.8684211,135.5,,,,サクラダリセット,ドラマ/青春
サクラダリセット,2017-04-06,41,104.9756098,75,76,375.8684211,135.5,,,,サクラダリセット,SF/ファンタジー
ひそねとまそたん,2018-04-04,8,819.625,682,40,740.825,136.5,,,,ひそねとまそたん,SF/ファンタジー
革命機ヴァルヴレイヴ,2013-04-19,44,92.45454545,67,132,92.42424242,46.5,,,,革命機ヴァルヴレイヴ,ドラマ/青春
革命機ヴァルヴレイヴ,2013-04-19,44,92.45454545,67,132,92.42424242,46.5,,,,革命機ヴァルヴレイヴ,ドラマ/青春
革命機ヴァルヴレイヴ,2013-04-19,44,92.45454545,67,132,92.42424242,46.5,,,,革命機ヴァルヴレイヴ,SF/ファンタジー
トリコ,2023-02-13,4,359.75,338.5,62,497.0806452,235,,,,トリコ,アクション/バトル
B-PROJECT,2015-09-20,10,434.1,164.5,7,1278.857143,1441,,,,B-PROJECT,ドラマ/青春
ゲーマーズ!,2017-07-21,33,765.969697,510,66,362.8939394,144,,,,ゲーマーズ!,恋愛/ラブコメ
りゅうおうのおしごと!,2017-07-12,3,142,117,11,255,115,9,123.7777778,116,りゅうおうのおしごと!,コメディ/ギャグ
プラチナエンド,2021-10-03,38,268.2631579,194,81,877.1728395,494,22,795.8636364,571,プラチナエンド,SF/ファンタジー
海賊王女,2021-10-15,3,585,575,36,522.8333333,284.5,,,,海賊王女,SF/ファンタジー
海賊王女,2021-10-15,3,585,575,36,522.8333333,284.5,,,,海賊王女,アクション/バトル
妖怪ウォッチ,2021-04-19,2,1140,1140,30,810.4666667,742,,,,妖怪ウォッチ,SF/ファンタジー
ラグナストライクエンジェルズ,2016-11-09,16,36,15,15,200.8666667,170,97,142.6391753,72,ラグナストライクエンジェルズ,アクション/バトル
白猫プロジェクト,2020-03-02,8,571.25,540,39,1359.153846,854,,,,白猫プロジェクト,SF/ファンタジー
魔王城でおやすみ,2020-10-06,7,1020.285714,1060,106,893.9528302,729,67,637.7462687,340,魔王城でおやすみ,コメディ/ギャグ
暗殺教室,2014-07-14,93,146.1290323,97,15,423,332,,,,暗殺教室,ドラマ/青春
暗殺教室,2014-07-14,93,146.1290323,97,15,423,332,,,,暗殺教室,SF/ファンタジー
暗殺教室,2014-07-14,93,146.1290323,97,15,423,332,,,,暗殺教室,コメディ/ギャグ
暗殺教室,2014-07-14,93,146.1290323,97,15,423,332,,,,暗殺教室,コメディ/ギャグ
暗殺教室,2014-07-14,93,146.1290323,97,15,423,332,,,,暗殺教室,コメディ/ギャグ
推しが武道館いってくれたら死ぬ,2019-11-28,12,631.5,563.5,23,1135.782609,295,,,,推しが武道館いってくれたら死ぬ,恋愛/ラブコメ
ミュークルドリーミー,2020-03-13,10,684,545,24,414.9166667,220.5,,,,ミュークルドリーミー,恋愛/ラブコメ
ミュークルドリーミー,2020-03-13,10,684,545,24,414.9166667,220.5,,,,ミュークルドリーミー,SF/ファンタジー
ミュークルドリーミー,2020-03-13,10,684,545,24,414.9166667,220.5,,,,ミュークルドリーミー,SF/ファンタジー
ログ・ホライズン,2020-10-10,15,465,486,115,518.2608696,305,115,847.1304348,543,ログ・ホライズン,SF/ファンタジー
ログ・ホライズン,2020-10-10,15,465,486,115,518.2608696,305,115,847.1304348,543,ログ・ホライズン,SF/ファンタジー
ログ・ホライズン,2020-10-10,15,465,486,115,518.2608696,305,115,847.1304348,543,ログ・ホライズン,SF/ファンタジー
ログ・ホライズン,2020-10-10,15,465,486,115,518.2608696,305,115,847.1304348,543,ログ・ホライズン,SF/ファンタジー
ログ・ホライズン,2020-10-10,15,465,486,115,518.2608696,305,115,847.1304348,543,ログ・ホライズン,アクション/バトル
聖女の魔力は万能です,2021-04-06,30,522.7666667,375.5,71,677.056338,498,,,,聖女の魔力は万能です,恋愛/ラブコメ
聖女の魔力は万能です,2021-04-06,30,522.7666667,375.5,71,677.056338,498,,,,聖女の魔力は万能です,SF/ファンタジー
八十亀ちゃんかんさつにっき,2018-08-26,8,159,159,292,450.5616438,359,,,,八十亀ちゃんかんさつにっき,コメディ/ギャグ
蒼き鋼のアルペジオ,2013-07-28,41,32.95121951,21,21,35.38095238,13,,,,蒼き鋼のアルペジオ,SF/ファンタジー
蒼き鋼のアルペジオ,2013-07-28,41,32.95121951,21,21,35.38095238,13,,,,蒼き鋼のアルペジオ,SF/ファンタジー
アブソリュート・デュオ,2014-12-12,7,99.28571429,103,48,45.22916667,42.5,,,,アブソリュート・デュオ,恋愛/ラブコメ
アブソリュート・デュオ,2014-12-12,7,99.28571429,103,48,45.22916667,42.5,,,,アブソリュート・デュオ,アクション/バトル
PUI PUI モルカー,2020-12-21,84,13654.69048,4921.5,2,33.5,33.5,,,,PUI PUI モルカー,コメディ/ギャグ
夜桜さんちの大作戦,2021-04-26,3,778.6666667,848,33,1947.484848,1976,6,1608.666667,1057.5,夜桜さんちの大作戦,ドラマ/青春
夜桜さんちの大作戦,2021-04-26,3,778.6666667,848,33,1947.484848,1976,6,1608.666667,1057.5,夜桜さんちの大作戦,コメディ/ギャグ
夜桜さんちの大作戦,2021-04-26,3,778.6666667,848,33,1947.484848,1976,6,1608.666667,1057.5,夜桜さんちの大作戦,コメディ/ギャグ
夜桜さんちの大作戦,2021-04-26,3,778.6666667,848,33,1947.484848,1976,6,1608.666667,1057.5,夜桜さんちの大作戦,アクション/バトル
ギヴン,2019-07-19,27,3348.555556,2698,58,3616.137931,1865,,,,ギヴン,恋愛/ラブコメ
薔薇王の葬列,2021-12-03,106,161.490566,118,29,1304.586207,675,1,98,98,薔薇王の葬列,恋愛/ラブコメ
薔薇王の葬列,2021-12-03,106,161.490566,118,29,1304.586207,675,1,98,98,薔薇王の葬列,SF/ファンタジー
薔薇王の葬列,2021-12-03,106,161.490566,118,29,1304.586207,675,1,98,98,薔薇王の葬列,SF/ファンタジー
ミニスカ宇宙海賊,2012-01-11,14,12.57142857,14,378,7.661375661,5,,,,ミニスカ宇宙海賊,SF/ファンタジー
ミニスカ宇宙海賊,2012-01-11,14,12.57142857,14,378,7.661375661,5,,,,ミニスカ宇宙海賊,SF/ファンタジー
ミニスカ宇宙海賊,2012-01-11,14,12.57142857,14,378,7.661375661,5,,,,ミニスカ宇宙海賊,SF/ファンタジー
月刊少女野崎くん,2014-05-15,68,288.3382353,75.5,39,630.6153846,155,,,,月刊少女野崎くん,ドラマ/青春
月刊少女野崎くん,2014-05-15,68,288.3382353,75.5,39,630.6153846,155,,,,月刊少女野崎くん,コメディ/ギャグ
あの夏で待ってる,2012-01-16,6,28.83333333,26.5,55,19.63636364,12,,,,あの夏で待ってる,ドラマ/青春
覆面系ノイズ,2017-03-18,47,558.9787234,388,29,747.0689655,375,,,,覆面系ノイズ,ドラマ/青春
私、能力は平均値でって言ったよね!,2019-09-26,5,251.2,253,55,270.9272727,171,,,,私、能力は平均値でって言ったよね!,SF/ファンタジー
私、能力は平均値でって言ったよね!,2019-09-26,5,251.2,253,55,270.9272727,171,,,,私、能力は平均値でって言ったよね!,SF/ファンタジー
私、能力は平均値でって言ったよね!,2019-09-26,5,251.2,253,55,270.9272727,171,,,,私、能力は平均値でって言ったよね!,コメディ/ギャグ
ハイスコアガール,2018-08-04,37,464.4864865,132,127,360.0708661,153,,,,ハイスコアガール,恋愛/ラブコメ
ハイスコアガール,2018-08-04,37,464.4864865,132,127,360.0708661,153,,,,ハイスコアガール,コメディ/ギャグ
織田シナモン信長,2019-12-03,17,599.0588235,485,55,798.2,478,,,,織田シナモン信長,コメディ/ギャグ
ゲキドル,2021-01-04,1,142,142,32,143.8125,100,,,,ゲキドル,ドラマ/青春
ゲキドル,2021-01-04,1,142,142,32,143.8125,100,,,,ゲキドル,ドラマ/青春
DIABOLIK LOVERS,2013-06-21,20,88.4,76,13,94.69230769,85,,,,DIABOLIK LOVERS,恋愛/ラブコメ
DIABOLIK LOVERS,2013-06-21,20,88.4,76,13,94.69230769,85,,,,DIABOLIK LOVERS,SF/ファンタジー
DIABOLIK LOVERS,2013-06-21,20,88.4,76,13,94.69230769,85,,,,DIABOLIK LOVERS,SF/ファンタジー
やくならマグカップも,2021-03-31,8,300,178,52,353,327.5,8,618.5,492.5,やくならマグカップも,ドラマ/青春
うどんの国の金色毛鞠,2016-04-26,1,28,28,8,411.875,148,,,,うどんの国の金色毛鞠,SF/ファンタジー
うどんの国の金色毛鞠,2016-04-26,1,28,28,8,411.875,148,,,,うどんの国の金色毛鞠,コメディ/ギャグ
女子高生の無駄づかい,2019-05-07,2,608,608,3,198.6666667,189,,,,女子高生の無駄づかい,ドラマ/青春
女子高生の無駄づかい,2019-05-07,2,608,608,3,198.6666667,189,,,,女子高生の無駄づかい,ドラマ/青春
女子高生の無駄づかい,2019-05-07,2,608,608,3,198.6666667,189,,,,女子高生の無駄づかい,コメディ/ギャグ
イエスタデイをうたって,2020-04-04,5,406.6,476,158,364.8544304,166,,,,イエスタデイをうたって,恋愛/ラブコメ
悪魔のリドル,2014-03-16,19,91.89473684,45,25,132.92,106,7,14.42857143,10,悪魔のリドル,ドラマ/青春
悪魔のリドル,2014-03-16,19,91.89473684,45,25,132.92,106,7,14.42857143,10,悪魔のリドル,恋愛/ラブコメ
悪魔のリドル,2014-03-16,19,91.89473684,45,25,132.92,106,7,14.42857143,10,悪魔のリドル,アクション/バトル
終末のワルキューレ,2022-11-14,6,1396,1396,42,669.4285714,500.5,,,,終末のワルキューレ,SF/ファンタジー
終末のワルキューレ,2022-11-14,6,1396,1396,42,669.4285714,500.5,,,,終末のワルキューレ,SF/ファンタジー
終末のワルキューレ,2022-11-14,6,1396,1396,42,669.4285714,500.5,,,,終末のワルキューレ,アクション/バトル
NARUTO -ナルト-,2021-12-18,2,1095,1095,58,3254.724138,1116,62,1247.580645,1162,NARUTO -ナルト-,ドラマ/青春
NARUTO -ナルト-,2021-12-18,2,1095,1095,58,3254.724138,1116,62,1247.580645,1162,NARUTO -ナルト-,アクション/バトル
エンドライド,2016-10-18,6,31.33333333,24.5,51,12.05882353,8,22,29.13636364,22,エンドライド,SF/ファンタジー
エンドライド,2016-10-18,6,31.33333333,24.5,51,12.05882353,8,22,29.13636364,22,エンドライド,SF/ファンタジー
LOVE STAGE!!,2014-04-03,20,125.05,97.5,10,238.9,48.5,,,,LOVE STAGE!!,恋愛/ラブコメ
DIVE!!,2021-04-23,4,2417.75,2011,21,6152.714286,5490,,,,DIVE!!,ドラマ/青春
怪物事変,2020-11-27,76,1963.473684,1784,4,33742,33742,6,9324.333333,8540,怪物事変,ドラマ/青春
怪物事変,2020-11-27,76,1963.473684,1784,4,33742,33742,6,9324.333333,8540,怪物事変,SF/ファンタジー
陰の実力者になりたくて!,2022-03-26,1,518,518,6,2152.166667,1700.5,,,,陰の実力者になりたくて!,SF/ファンタジー
陰の実力者になりたくて!,2022-03-26,1,518,518,6,2152.166667,1700.5,,,,陰の実力者になりたくて!,コメディ/ギャグ
北斗の拳,2013-04-11,6,14.66666667,11,96,15.97916667,6,,,,北斗の拳,ドラマ/青春
可愛いだけじゃない式守さん,2022-03-26,46,1636.717391,935.5,165,3488.539394,2105,87,2712.551724,2662,可愛いだけじゃない式守さん,ドラマ/青春
可愛いだけじゃない式守さん,2022-03-26,46,1636.717391,935.5,165,3488.539394,2105,87,2712.551724,2662,可愛いだけじゃない式守さん,ドラマ/青春
可愛いだけじゃない式守さん,2022-03-26,46,1636.717391,935.5,165,3488.539394,2105,87,2712.551724,2662,可愛いだけじゃない式守さん,恋愛/ラブコメ
白い砂のアクアトープ,2021-07-09,34,1497.5,1058.5,44,2072.227273,1201.5,11,2708.909091,1307,白い砂のアクアトープ,ドラマ/青春
戦刻ナイトブラッド,2017-04-17,13,668.3076923,529,103,666.0485437,451,5,105,90,戦刻ナイトブラッド,恋愛/ラブコメ
戦刻ナイトブラッド,2017-04-17,13,668.3076923,529,103,666.0485437,451,5,105,90,戦刻ナイトブラッド,SF/ファンタジー
賭ケグルイ,2017-07-01,96,324.9583333,261,146,527.8630137,294,,,,賭ケグルイ,ドラマ/青春
ギルティクラウン,2011-08-12,9,34.33333333,34,18,25.88888889,16.5,,,,ギルティクラウン,ドラマ/青春
ギルティクラウン,2011-08-12,9,34.33333333,34,18,25.88888889,16.5,,,,ギルティクラウン,SF/ファンタジー
ギルティクラウン,2011-08-12,9,34.33333333,34,18,25.88888889,16.5,,,,ギルティクラウン,SF/ファンタジー
このヒーラー、めんどくさい,2022-03-27,10,537.6,560,7,703.5714286,517,,,,このヒーラー、めんどくさい,コメディ/ギャグ
ちびまる子ちゃん,2022-10-07,27,429.3333333,460,42,1366.357143,548.5,,,,ちびまる子ちゃん,恋愛/ラブコメ
ちびまる子ちゃん,2022-10-07,27,429.3333333,460,42,1366.357143,548.5,,,,ちびまる子ちゃん,コメディ/ギャグ
戦闘員、派遣します!,2021-03-12,6,495.8333333,446.5,12,1185.666667,1043.5,,,,戦闘員、派遣します!,コメディ/ギャグ
戦闘員、派遣します!,2021-03-12,6,495.8333333,446.5,12,1185.666667,1043.5,,,,戦闘員、派遣します!,アクション/バトル
91Days,2016-06-25,29,412.5862069,283,17,185.1764706,121,,,,91Days,アクション/バトル
俺、ツインテールになります。,2014-10-10,39,51.05128205,36,47,113.1702128,57,,,,俺、ツインテールになります。,コメディ/ギャグ
俺、ツインテールになります。,2014-10-10,39,51.05128205,36,47,113.1702128,57,,,,俺、ツインテールになります。,アクション/バトル
異世界美少女受肉おじさんと,2022-01-12,5,244.2,211,38,973.9473684,298,,,,異世界美少女受肉おじさんと,コメディ/ギャグ
ノー・ガンズ・ライフ,2019-10-16,14,280.5714286,276,64,189.5,108,,,,ノー・ガンズ・ライフ,SF/ファンタジー
デビルズライン,2018-02-05,7,717.5714286,656,2,5096,5096,,,,デビルズライン,恋愛/ラブコメ
デビルズライン,2018-02-05,7,717.5714286,656,2,5096,5096,,,,デビルズライン,SF/ファンタジー
デビルズライン,2018-02-05,7,717.5714286,656,2,5096,5096,,,,デビルズライン,SF/ファンタジー
異世界のんびり農家,2023-01-13,2,373.5,373.5,27,881.5185185,266,,,,異世界のんびり農家,SF/ファンタジー
異世界のんびり農家,2023-01-13,2,373.5,373.5,27,881.5185185,266,,,,異世界のんびり農家,SF/ファンタジー
カワイスギクライシス,2023-02-15,10,93.6,75,1,67,67,,,,カワイスギクライシス,SF/ファンタジー
カワイスギクライシス,2023-02-15,10,93.6,75,1,67,67,,,,カワイスギクライシス,SF/ファンタジー
カワイスギクライシス,2023-02-15,10,93.6,75,1,67,67,,,,カワイスギクライシス,コメディ/ギャグ
おくさまが生徒会長!,2015-08-14,26,22.61538462,19,410,36.06341463,21,,,,おくさまが生徒会長!,ドラマ/青春
おくさまが生徒会長!,2015-08-14,26,22.61538462,19,410,36.06341463,21,,,,おくさまが生徒会長!,恋愛/ラブコメ
Shadowverse,2019-06-15,12,361,297.5,330,1437.49697,316,,,,Shadowverse,ドラマ/青春
Shadowverse,2019-06-15,12,361,297.5,330,1437.49697,316,,,,Shadowverse,SF/ファンタジー
世界一初恋,2011-04-10,22,32.81818182,25.5,21,18.23809524,7,,,,世界一初恋,恋愛/ラブコメ
異世界おじさん,2021-12-24,2,405.5,405.5,7,408,493,10,258.2,151.5,異世界おじさん,SF/ファンタジー
異世界おじさん,2021-12-24,2,405.5,405.5,7,408,493,10,258.2,151.5,異世界おじさん,コメディ/ギャグ
君のことが大大大大大好きな100人の彼女,2021-01-25,4,472.5,495,47,511.1489362,415,79,247.278481,182,君のことが大大大大大好きな100人の彼女,恋愛/ラブコメ
君のことが大大大大大好きな100人の彼女,2021-01-25,4,472.5,495,47,511.1489362,415,79,247.278481,182,君のことが大大大大大好きな100人の彼女,コメディ/ギャグ
ピーチボーイリバーサイド,2021-08-20,6,169.3333333,115.5,116,306.7241379,184.5,25,271.84,123,ピーチボーイリバーサイド,SF/ファンタジー
ブラック・ブレット,2014-04-28,17,244.2941176,178,40,111.15,62.5,,,,ブラック・ブレット,SF/ファンタジー
ブラック・ブレット,2014-04-28,17,244.2941176,178,40,111.15,62.5,,,,ブラック・ブレット,SF/ファンタジー
ブラック・ブレット,2014-04-28,17,244.2941176,178,40,111.15,62.5,,,,ブラック・ブレット,アクション/バトル
とんでもスキルで異世界放浪メシ,2022-12-08,4,582,574,25,2857.6,1858,,,,とんでもスキルで異世界放浪メシ,SF/ファンタジー
とんでもスキルで異世界放浪メシ,2022-12-08,4,582,574,25,2857.6,1858,,,,とんでもスキルで異世界放浪メシ,SF/ファンタジー
彼方のアストラ,2019-07-03,21,256.6190476,168,42,1373,968.5,,,,彼方のアストラ,SF/ファンタジー
彼方のアストラ,2019-07-03,21,256.6190476,168,42,1373,968.5,,,,彼方のアストラ,SF/ファンタジー
彼方のアストラ,2019-07-03,21,256.6190476,168,42,1373,968.5,,,,彼方のアストラ,アクション/バトル
Dr.STONE,2019-07-05,84,637.1071429,604,120,708.5,354,63,933.8571429,383,Dr.STONE,ドラマ/青春
Dr.STONE,2019-07-05,84,637.1071429,604,120,708.5,354,63,933.8571429,383,Dr.STONE,SF/ファンタジー
Dr.STONE,2019-07-05,84,637.1071429,604,120,708.5,354,63,933.8571429,383,Dr.STONE,SF/ファンタジー
Dr.STONE,2019-07-05,84,637.1071429,604,120,708.5,354,63,933.8571429,383,Dr.STONE,SF/ファンタジー
Dr.STONE,2019-07-05,84,637.1071429,604,120,708.5,354,63,933.8571429,383,Dr.STONE,アクション/バトル
からくりサーカス,2018-11-28,1,78,78,110,1975.590909,1014,34,1136.205882,707.5,からくりサーカス,ドラマ/青春
からくりサーカス,2018-11-28,1,78,78,110,1975.590909,1014,34,1136.205882,707.5,からくりサーカス,SF/ファンタジー
からくりサーカス,2018-11-28,1,78,78,110,1975.590909,1014,34,1136.205882,707.5,からくりサーカス,SF/ファンタジー
からくりサーカス,2018-11-28,1,78,78,110,1975.590909,1014,34,1136.205882,707.5,からくりサーカス,アクション/バトル
ひとりぼっちの○○生活,2019-01-16,3,250,260,7,415.7142857,235,,,,ひとりぼっちの○○生活,ドラマ/青春
ひとりぼっちの○○生活,2019-01-16,3,250,260,7,415.7142857,235,,,,ひとりぼっちの○○生活,コメディ/ギャグ
浦安鉄筋家族,2020-05-23,4,680.5,388,97,700.2061856,364,,,,浦安鉄筋家族,ドラマ/青春
浦安鉄筋家族,2020-05-23,4,680.5,388,97,700.2061856,364,,,,浦安鉄筋家族,コメディ/ギャグ
モンスター娘のいる日常,2015-07-08,16,143.3125,129,74,141.6486486,72,,,,モンスター娘のいる日常,恋愛/ラブコメ
モンスター娘のいる日常,2015-07-08,16,143.3125,129,74,141.6486486,72,,,,モンスター娘のいる日常,SF/ファンタジー
プリンス・オブ・ストライド,2015-12-13,80,679.725,524,128,321.984375,141,,,,プリンス・オブ・ストライド,ドラマ/青春
プリンス・オブ・ストライド,2015-12-13,80,679.725,524,128,321.984375,141,,,,プリンス・オブ・ストライド,ドラマ/青春
ビッグオーダー,2016-04-21,14,33.35714286,16.5,17,76.70588235,18,,,,ビッグオーダー,SF/ファンタジー
ビッグオーダー,2016-04-21,14,33.35714286,16.5,17,76.70588235,18,,,,ビッグオーダー,SF/ファンタジー
アイ★チュウ,2020-02-26,1,1040,1040,5,2033.8,2120,,,,アイ★チュウ,ドラマ/青春
体操ザムライ,2020-10-25,9,1517.555556,823,16,3641.4375,1350,,,,体操ザムライ,ドラマ/青春
遊☆戯☆王,2014-07-30,22,197.8181818,97,322,176.5217391,69,,,,遊☆戯☆王,SF/ファンタジー
遊☆戯☆王,2014-07-30,22,197.8181818,97,322,176.5217391,69,,,,遊☆戯☆王,アクション/バトル
パリピ孔明,2022-03-31,5,1857.6,919,12,1473.166667,709,,,,パリピ孔明,SF/ファンタジー
残響のテロル,2014-04-26,9,79.77777778,66,11,123.4545455,81,,,,残響のテロル,アクション/バトル
蒼穹のファフナー,2014-11-15,87,193.9655172,170,288,213.2708333,125.5,42,528,254,蒼穹のファフナー,SF/ファンタジー
裏世界ピクニック,2021-04-07,1,363,363,112,1001.3125,715,23,739.6521739,230,裏世界ピクニック,SF/ファンタジー
裏世界ピクニック,2021-04-07,1,363,363,112,1001.3125,715,23,739.6521739,230,裏世界ピクニック,SF/ファンタジー
ダンベル何キロ持てる?,2019-07-03,40,871.375,648,47,663.7021277,290,7,1314,504,ダンベル何キロ持てる?,コメディ/ギャグ
超人高校生たちは異世界でも余裕で生き抜くようです!,2019-10-23,2,447.5,447.5,60,454,212.5,9,1202,525,超人高校生たちは異世界でも余裕で生き抜くようです!,SF/ファンタジー
お兄ちゃんだけど愛さえあれば関係ないよねっ,2012-09-21,23,22,17,15,17.4,9,,,,お兄ちゃんだけど愛さえあれば関係ないよねっ,ドラマ/青春
お兄ちゃんだけど愛さえあれば関係ないよねっ,2012-09-21,23,22,17,15,17.4,9,,,,お兄ちゃんだけど愛さえあれば関係ないよねっ,恋愛/ラブコメ
グリザイアシリーズ,2014-08-13,11,181.7272727,184,4,926.25,1041,,,,グリザイアシリーズ,ドラマ/青春
グリザイアシリーズ,2014-08-13,11,181.7272727,184,4,926.25,1041,,,,グリザイアシリーズ,恋愛/ラブコメ
宇宙パトロールルル子,2016-04-08,39,115.9230769,71,61,211.7868852,95,,,,宇宙パトロールルル子,SF/ファンタジー
宇宙パトロールルル子,2016-04-08,39,115.9230769,71,61,211.7868852,95,,,,宇宙パトロールルル子,SF/ファンタジー
しろくまカフェ,2012-04-12,20,284.35,118.5,12,116.1666667,19.5,,,,しろくまカフェ,コメディ/ギャグ
青春×機関銃,2015-06-06,36,629.3888889,265,58,213.9655172,160,,,,青春×機関銃,ドラマ/青春
青春×機関銃,2015-06-06,36,629.3888889,265,58,213.9655172,160,,,,青春×機関銃,アクション/バトル
ネコぱら,2019-12-12,13,295.4615385,260,11,760.4545455,351,10,1020.8,537.5,ネコぱら,恋愛/ラブコメ
ネコぱら,2019-12-12,13,295.4615385,260,11,760.4545455,351,10,1020.8,537.5,ネコぱら,恋愛/ラブコメ
異世界チート魔術師,2019-07-01,13,195.4615385,193,33,407.6969697,243,,,,異世界チート魔術師,SF/ファンタジー
異世界チート魔術師,2019-07-01,13,195.4615385,193,33,407.6969697,243,,,,異世界チート魔術師,SF/ファンタジー
チェンソーマン,2021-02-08,6,13008.5,10278.5,7,42842.71429,29046,,,,チェンソーマン,ドラマ/青春
チェンソーマン,2021-02-08,6,13008.5,10278.5,7,42842.71429,29046,,,,チェンソーマン,SF/ファンタジー
チェンソーマン,2021-02-08,6,13008.5,10278.5,7,42842.71429,29046,,,,チェンソーマン,SF/ファンタジー
テニスの王子様,2020-12-23,1,3104,3104,223,4625.941704,1946,74,5638.756757,2523,テニスの王子様,ドラマ/青春
装神少女まとい,2016-08-11,34,74.47058824,46,39,40.66666667,21,,,,装神少女まとい,アクション/バトル
ステラのまほう,2016-07-13,10,234.1,168.5,29,258.0344828,106,17,160.6470588,23,ステラのまほう,ドラマ/青春
ステラのまほう,2016-07-13,10,234.1,168.5,29,258.0344828,106,17,160.6470588,23,ステラのまほう,ドラマ/青春
ステラのまほう,2016-07-13,10,234.1,168.5,29,258.0344828,106,17,160.6470588,23,ステラのまほう,ドラマ/青春
はねバド!,2018-03-16,1,86,86,7,651.4285714,190,,,,はねバド!,ドラマ/青春
無能なナナ,2020-09-07,57,201.7894737,174,26,678.6538462,454,,,,無能なナナ,アクション/バトル
ヘヴィーオブジェクト,2015-10-13,18,148.1666667,74.5,31,95.22580645,65,,,,ヘヴィーオブジェクト,SF/ファンタジー
ヘヴィーオブジェクト,2015-10-13,18,148.1666667,74.5,31,95.22580645,65,,,,ヘヴィーオブジェクト,SF/ファンタジー
ヘヴィーオブジェクト,2015-10-13,18,148.1666667,74.5,31,95.22580645,65,,,,ヘヴィーオブジェクト,アクション/バトル
ACCA13区監察課,2016-10-21,39,387.7692308,299,22,833.6818182,339.5,,,,ACCA13区監察課,ドラマ/青春
銀河英雄伝説,2017-09-18,24,513.6666667,469,16,149.5,149.5,,,,銀河英雄伝説,SF/ファンタジー
銀河英雄伝説,2017-09-18,24,513.6666667,469,16,149.5,149.5,,,,銀河英雄伝説,SF/ファンタジー
ベルゼブブ嬢のお気に召すまま。,2018-08-15,19,261.4736842,193,6,747.3333333,523,,,,ベルゼブブ嬢のお気に召すまま。,恋愛/ラブコメ
ベルゼブブ嬢のお気に召すまま。,2018-08-15,19,261.4736842,193,6,747.3333333,523,,,,ベルゼブブ嬢のお気に召すまま。,コメディ/ギャグ
私がモテないのはどう考えてもお前らが悪い!,2013-04-04,4,51.25,31.5,12,25.58333333,10.5,,,,私がモテないのはどう考えてもお前らが悪い!,ドラマ/青春
私がモテないのはどう考えてもお前らが悪い!,2013-04-04,4,51.25,31.5,12,25.58333333,10.5,,,,私がモテないのはどう考えてもお前らが悪い!,コメディ/ギャグ
ワンダーエッグ・プライオリティ,2021-01-13,25,1083.48,918,13,1098.153846,760,,,,ワンダーエッグ・プライオリティ,SF/ファンタジー
ワンダーエッグ・プライオリティ,2021-01-13,25,1083.48,918,13,1098.153846,760,,,,ワンダーエッグ・プライオリティ,SF/ファンタジー
ダンボール戦機,2020-03-26,4,1276.5,1217,77,87.64935065,85,,,,ダンボール戦機,SF/ファンタジー
ダンボール戦機,2020-03-26,4,1276.5,1217,77,87.64935065,85,,,,ダンボール戦機,SF/ファンタジー
銀魂,2013-03-23,24,827,752,280,230.4857143,138,,,,銀魂,SF/ファンタジー
銀魂,2013-03-23,24,827,752,280,230.4857143,138,,,,銀魂,SF/ファンタジー
銀魂,2013-03-23,24,827,752,280,230.4857143,138,,,,銀魂,コメディ/ギャグ
銀魂,2013-03-23,24,827,752,280,230.4857143,138,,,,銀魂,アクション/バトル
あんハピ♪,2015-12-01,5,90,91,12,60.08333333,38.5,,,,あんハピ♪,ドラマ/青春
あんハピ♪,2015-12-01,5,90,91,12,60.08333333,38.5,,,,あんハピ♪,コメディ/ギャグ
ばなにゃ,2016-03-28,6,151.5,65,2,95,95,,,,ばなにゃ,コメディ/ギャグ
ゼロから始める魔法の書,2017-03-24,9,304.6666667,243,7,189.1428571,178,,,,ゼロから始める魔法の書,SF/ファンタジー
カッコウの許嫁,2020-02-07,4,953.75,946,5,1036.8,528,,,,カッコウの許嫁,ドラマ/青春
カッコウの許嫁,2020-02-07,4,953.75,946,5,1036.8,528,,,,カッコウの許嫁,恋愛/ラブコメ
リクドウ,2023-01-11,3,13.33333333,6,165,33.15757576,10,,,,リクドウ,ドラマ/青春
僕らはみんな河合荘,2014-04-04,35,54.48571429,37,54,59.68518519,39,,,,僕らはみんな河合荘,恋愛/ラブコメ
僕らはみんな河合荘,2014-04-04,35,54.48571429,37,54,59.68518519,39,,,,僕らはみんな河合荘,コメディ/ギャグ
えとたま,2015-02-18,51,115.7843137,85,102,108.3529412,60,,,,えとたま,SF/ファンタジー
えとたま,2015-02-18,51,115.7843137,85,102,108.3529412,60,,,,えとたま,コメディ/ギャグ
堀さんと宮村くん,2021-01-10,59,2862.830508,2136,78,3465.371795,1475,,,,堀さんと宮村くん,ドラマ/青春
堀さんと宮村くん,2021-01-10,59,2862.830508,2136,78,3465.371795,1475,,,,堀さんと宮村くん,ドラマ/青春
堀さんと宮村くん,2021-01-10,59,2862.830508,2136,78,3465.371795,1475,,,,堀さんと宮村くん,恋愛/ラブコメ
恋と嘘,2017-04-21,6,954.3333333,866.5,26,312.9230769,220,,,,恋と嘘,ドラマ/青春
恋と嘘,2017-04-21,6,954.3333333,866.5,26,312.9230769,220,,,,恋と嘘,恋愛/ラブコメ
メンズ校,2020-10-05,7,5851,6310,35,11923.57143,8697,2,17380.5,17380.5,メンズ校,ドラマ/青春
メンズ校,2020-10-05,7,5851,6310,35,11923.57143,8697,2,17380.5,17380.5,メンズ校,恋愛/ラブコメ
銃皇無尽のファフニール,2014-11-12,12,96.83333333,84.5,12,69.16666667,20.5,,,,銃皇無尽のファフニール,恋愛/ラブコメ
銃皇無尽のファフニール,2014-11-12,12,96.83333333,84.5,12,69.16666667,20.5,,,,銃皇無尽のファフニール,アクション/バトル
それが声優!,2015-06-18,17,110.9411765,98,53,56.60377358,31,,,,それが声優!,コメディ/ギャグ
それが声優!,2015-06-18,17,110.9411765,98,53,56.60377358,31,,,,それが声優!,コメディ/ギャグ
ドラゴン、家を買う。,2021-04-03,9,188.6666667,167,51,518.5294118,298,7,534.8571429,98,ドラゴン、家を買う。,SF/ファンタジー
ドラゴン、家を買う。,2021-04-03,9,188.6666667,167,51,518.5294118,298,7,534.8571429,98,ドラゴン、家を買う。,コメディ/ギャグ
ブレンド・S,2017-09-29,40,1669.675,1311,31,598.2903226,439,,,,ブレンド・S,恋愛/ラブコメ
放課後のプレアデス,2015-02-01,13,68.38461538,46,37,99.67567568,50,,,,放課後のプレアデス,SF/ファンタジー
放課後のプレアデス,2015-02-01,13,68.38461538,46,37,99.67567568,50,,,,放課後のプレアデス,SF/ファンタジー
放課後のプレアデス,2015-02-01,13,68.38461538,46,37,99.67567568,50,,,,放課後のプレアデス,SF/ファンタジー
放課後のプレアデス,2015-02-01,13,68.38461538,46,37,99.67567568,50,,,,放課後のプレアデス,SF/ファンタジー
舟を編む,2016-09-01,11,347.3636364,279,26,1024.115385,236,8,2676.375,527.5,舟を編む,ドラマ/青春
つぐもも,2017-04-03,28,97.57142857,88,194,79.29896907,40,,,,つぐもも,ドラマ/青春
つぐもも,2017-04-03,28,97.57142857,88,194,79.29896907,40,,,,つぐもも,SF/ファンタジー
手品先輩,2019-06-28,6,402.8333333,299,17,644.5882353,293,2,951.5,951.5,手品先輩,コメディ/ギャグ
魔法陣グルグル,2022-10-13,10,371.8,233,10,310.2,200,,,,魔法陣グルグル,ドラマ/青春
魔法陣グルグル,2022-10-13,10,371.8,233,10,310.2,200,,,,魔法陣グルグル,SF/ファンタジー
魔法陣グルグル,2022-10-13,10,371.8,233,10,310.2,200,,,,魔法陣グルグル,コメディ/ギャグ
落第騎士の英雄譚,2015-10-20,183,81.79234973,61,205,29.88292683,17,10,31.8,22.5,落第騎士の英雄譚,恋愛/ラブコメ
落第騎士の英雄譚,2015-10-20,183,81.79234973,61,205,29.88292683,17,10,31.8,22.5,落第騎士の英雄譚,アクション/バトル
少女たちは荒野を目指す,2015-12-29,29,92.89655172,69,11,95.18181818,86,,,,少女たちは荒野を目指す,ドラマ/青春
少女たちは荒野を目指す,2015-12-29,29,92.89655172,69,11,95.18181818,86,,,,少女たちは荒野を目指す,ドラマ/青春
ReLIFE,2016-05-27,13,333.6153846,252,18,766.3888889,357,,,,ReLIFE,ドラマ/青春
ReLIFE,2016-05-27,13,333.6153846,252,18,766.3888889,357,,,,ReLIFE,ドラマ/青春
ReLIFE,2016-05-27,13,333.6153846,252,18,766.3888889,357,,,,ReLIFE,恋愛/ラブコメ
くまクマ熊ベアー,2023-03-07,16,390.625,415.5,56,999.3928571,333.5,,,,くまクマ熊ベアー,SF/ファンタジー
くまクマ熊ベアー,2023-03-07,16,390.625,415.5,56,999.3928571,333.5,,,,くまクマ熊ベアー,SF/ファンタジー
青の祓魔師,2011-04-04,40,63.2,35,72,83.61111111,40.5,,,,青の祓魔師,ドラマ/青春
青の祓魔師,2011-04-04,40,63.2,35,72,83.61111111,40.5,,,,青の祓魔師,SF/ファンタジー
青の祓魔師,2011-04-04,40,63.2,35,72,83.61111111,40.5,,,,青の祓魔師,SF/ファンタジー
2.43 清陰高校男子バレー部,2021-01-07,30,1026.1,725.5,70,2069.757143,1399,14,2404.285714,905,2.43 清陰高校男子バレー部,ドラマ/青春
ディバインゲート,2015-11-18,57,256.2807018,184,35,737.5142857,666,,,,ディバインゲート,SF/ファンタジー
マジきゅんっ!ルネッサンス,2015-11-07,4,150.25,93.5,66,91.3030303,18.5,,,,マジきゅんっ!ルネッサンス,ドラマ/青春
マジきゅんっ!ルネッサンス,2015-11-07,4,150.25,93.5,66,91.3030303,18.5,,,,マジきゅんっ!ルネッサンス,恋愛/ラブコメ
マジきゅんっ!ルネッサンス,2015-11-07,4,150.25,93.5,66,91.3030303,18.5,,,,マジきゅんっ!ルネッサンス,SF/ファンタジー
明日ちゃんのセーラー服,2021-12-07,20,1959.5,946,50,1451.86,502,4,486.75,489.5,明日ちゃんのセーラー服,ドラマ/青春
ドロヘドロ,2020-01-13,10,771.9,546,25,2330.52,1273,,,,ドロヘドロ,SF/ファンタジー
ドロヘドロ,2020-01-13,10,771.9,546,25,2330.52,1273,,,,ドロヘドロ,SF/ファンタジー
ドロヘドロ,2020-01-13,10,771.9,546,25,2330.52,1273,,,,ドロヘドロ,アクション/バトル
ドロヘドロ,2020-01-13,10,771.9,546,25,2330.52,1273,,,,ドロヘドロ,アクション/バトル
お隣の天使様にいつの間にか駄目人間にされていた件,2022-07-22,2,1118,1118,24,2707.75,1317,24,4799.75,2517,お隣の天使様にいつの間にか駄目人間にされていた件,恋愛/ラブコメ
境界の彼方,2013-09-05,26,190.9230769,150.5,19,123.2105263,95,,,,境界の彼方,SF/ファンタジー
境界の彼方,2013-09-05,26,190.9230769,150.5,19,123.2105263,95,,,,境界の彼方,SF/ファンタジー
ルパン三世,2015-05-28,15,321.3333333,115,35,207.7142857,59,,,,ルパン三世,アクション/バトル
鉄腕アトム,2020-11-17,6,574.1666667,427,4,6048.5,3152,,,,鉄腕アトム,SF/ファンタジー
鉄腕アトム,2020-11-17,6,574.1666667,427,4,6048.5,3152,,,,鉄腕アトム,SF/ファンタジー
男子高校生の日常,2011-11-03,25,30.36,14,74,19.89189189,13,,,,男子高校生の日常,ドラマ/青春
男子高校生の日常,2011-11-03,25,30.36,14,74,19.89189189,13,,,,男子高校生の日常,コメディ/ギャグ
アクティヴレイド -機動強襲室第八係-,2015-12-27,32,111.1875,52,92,138.9782609,18,,,,アクティヴレイド -機動強襲室第八係-,SF/ファンタジー
アクティヴレイド -機動強襲室第八係-,2015-12-27,32,111.1875,52,92,138.9782609,18,,,,アクティヴレイド -機動強襲室第八係-,SF/ファンタジー
アクティヴレイド -機動強襲室第八係-,2015-12-27,32,111.1875,52,92,138.9782609,18,,,,アクティヴレイド -機動強襲室第八係-,アクション/バトル
フリップフラッパーズ,2016-07-24,8,167,176,1,125,125,,,,フリップフラッパーズ,SF/ファンタジー
フリップフラッパーズ,2016-07-24,8,167,176,1,125,125,,,,フリップフラッパーズ,SF/ファンタジー
フリップフラッパーズ,2016-07-24,8,167,176,1,125,125,,,,フリップフラッパーズ,アクション/バトル
すばらしきこのせかい,2021-03-01,12,909,728,32,2105.84375,976,53,3498.90566,2148,すばらしきこのせかい,SF/ファンタジー
BEASTARS,2019-08-06,21,3426.428571,2210,9,4280.333333,3467,3,14575,14575,BEASTARS,ドラマ/青春
球詠,2019-09-26,2,241,241,17,451.4117647,74,,,,球詠,恋愛/ラブコメ
球詠,2019-09-26,2,241,241,17,451.4117647,74,,,,球詠,恋愛/ラブコメ
ブルーロック,2019-01-08,1,92,92,43,55.46511628,42,1,41,41,ブルーロック,ドラマ/青春
トニカクカワイイ,2020-09-18,48,690.3333333,599.5,20,3201.6,2517,20,669.2,861,トニカクカワイイ,恋愛/ラブコメ
トニカクカワイイ,2020-09-18,48,690.3333333,599.5,20,3201.6,2517,20,669.2,861,トニカクカワイイ,コメディ/ギャグ
ガンスリンガー ストラトス,2014-06-27,13,31.15384615,17,141,43.74468085,23,,,,ガンスリンガー ストラトス,SF/ファンタジー
ガンスリンガー ストラトス,2014-06-27,13,31.15384615,17,141,43.74468085,23,,,,ガンスリンガー ストラトス,SF/ファンタジー
ガンスリンガー ストラトス,2014-06-27,13,31.15384615,17,141,43.74468085,23,,,,ガンスリンガー ストラトス,SF/ファンタジー
ガンスリンガー ストラトス,2014-06-27,13,31.15384615,17,141,43.74468085,23,,,,ガンスリンガー ストラトス,アクション/バトル
田中くんはいつもけだるげ,2016-03-17,42,678.952381,501,25,1344.32,525,,,,田中くんはいつもけだるげ,コメディ/ギャグ
田中くんはいつもけだるげ,2016-03-17,42,678.952381,501,25,1344.32,525,,,,田中くんはいつもけだるげ,コメディ/ギャグ
幼なじみが絶対に負けないラブコメ,2020-06-10,7,1582.857143,546,16,1901.1875,1669.5,,,,幼なじみが絶対に負けないラブコメ,ドラマ/青春
幼なじみが絶対に負けないラブコメ,2020-06-10,7,1582.857143,546,16,1901.1875,1669.5,,,,幼なじみが絶対に負けないラブコメ,恋愛/ラブコメ
東京卍リベンジャーズ,2020-06-25,3,1305,1305,183,3823.852459,2033,,,,東京卍リベンジャーズ,SF/ファンタジー
東京卍リベンジャーズ,2020-06-25,3,1305,1305,183,3823.852459,2033,,,,東京卍リベンジャーズ,SF/ファンタジー
東京卍リベンジャーズ,2020-06-25,3,1305,1305,183,3823.852459,2033,,,,東京卍リベンジャーズ,アクション/バトル
東京卍リベンジャーズ,2020-06-25,3,1305,1305,183,3823.852459,2033,,,,東京卍リベンジャーズ,アクション/バトル
ばらかもん,2014-05-20,14,352.4285714,214.5,17,439.7058824,232,,,,ばらかもん,ドラマ/青春
異世界迷宮でハーレムを,2022-06-13,13,215.9230769,153,1,332,332,,,,異世界迷宮でハーレムを,恋愛/ラブコメ
異世界迷宮でハーレムを,2022-06-13,13,215.9230769,153,1,332,332,,,,異世界迷宮でハーレムを,SF/ファンタジー
BNA ビー・エヌ・エー,2020-01-31,5,601.8,325,6,2010,805.5,,,,BNA ビー・エヌ・エー,SF/ファンタジー
世界最高の暗殺者、異世界貴族に転生する,2021-10-06,4,462.75,394.5,33,312.8484848,199,15,337.4666667,145,世界最高の暗殺者、異世界貴族に転生する,SF/ファンタジー
うたわれるもの,2015-09-28,6,88.5,88.5,420,126.3785714,44,,,,うたわれるもの,SF/ファンタジー
少年メイド,2016-03-09,18,390.8333333,308.5,62,177.6290323,95,,,,少年メイド,コメディ/ギャグ
チア男子!!,2016-06-29,46,405.673913,294.5,42,283.3571429,118,,,,チア男子!!,ドラマ/青春
チア男子!!,2016-06-29,46,405.673913,294.5,42,283.3571429,118,,,,チア男子!!,ドラマ/青春
ドメスティックな彼女,2018-12-14,4,522.25,462,51,751.8235294,389,,,,ドメスティックな彼女,ドラマ/青春
ローリング☆ガールズ,2014-12-22,32,92.875,52,24,65.45833333,46.5,,,,ローリング☆ガールズ,ドラマ/青春
食戟のソーマ,2015-03-20,606,227.9207921,172,342,160.3684211,95,,,,食戟のソーマ,ドラマ/青春
食戟のソーマ,2015-03-20,606,227.9207921,172,342,160.3684211,95,,,,食戟のソーマ,ドラマ/青春
ブブキ・ブランキ,2016-01-27,14,94.14285714,61.5,89,33.75280899,9,,,,ブブキ・ブランキ,SF/ファンタジー
ブブキ・ブランキ,2016-01-27,14,94.14285714,61.5,89,33.75280899,9,,,,ブブキ・ブランキ,SF/ファンタジー
ブブキ・ブランキ,2016-01-27,14,94.14285714,61.5,89,33.75280899,9,,,,ブブキ・ブランキ,アクション/バトル
警視庁 特務部 特殊凶悪犯対策室 第七課 -トクナナ-,2019-08-07,28,313.1785714,249,27,152.5185185,138,,,,警視庁 特務部 特殊凶悪犯対策室 第七課 -トクナナ-,アクション/バトル
あそびあそばせ,2018-07-27,23,424.4347826,403,36,265.1388889,161.5,,,,あそびあそばせ,コメディ/ギャグ
ゾンビランドサガ,2018-10-05,58,3247.482759,1949,100,458.4,166.5,,,,ゾンビランドサガ,ドラマ/青春
ゾンビランドサガ,2018-10-05,58,3247.482759,1949,100,458.4,166.5,,,,ゾンビランドサガ,コメディ/ギャグ
先輩がうざい後輩の話,2021-02-06,3,463.3333333,402,11,1527.090909,964,4,10812,1495.5,先輩がうざい後輩の話,恋愛/ラブコメ
女神のカフェテラス,2021-05-28,12,232.6666667,205,488,348.852459,318,,,,女神のカフェテラス,恋愛/ラブコメ
女神のカフェテラス,2021-05-28,12,232.6666667,205,488,348.852459,318,,,,女神のカフェテラス,恋愛/ラブコメ
十二大戦,2017-08-18,28,886.4285714,642,66,810.5454545,395.5,,,,十二大戦,アクション/バトル
映像研には手を出すな!,2019-12-30,7,1392.571429,1032,46,224.5,123,6,633.3333333,134.5,映像研には手を出すな!,ドラマ/青春
異世界かるてっと,2019-03-07,18,1062.444444,1139,4,1786,1786,,,,異世界かるてっと,ドラマ/青春
異世界かるてっと,2019-03-07,18,1062.444444,1139,4,1786,1786,,,,異世界かるてっと,SF/ファンタジー
A3!,2019-03-08,6,12855.66667,10356,4,53646.5,53646.5,,,,A3!,ドラマ/青春
弱キャラ友崎くん,2020-09-30,5,429.4,327,12,426.9166667,380.5,6,2848.5,1463,弱キャラ友崎くん,ドラマ/青春
弱キャラ友崎くん,2020-09-30,5,429.4,327,12,426.9166667,380.5,6,2848.5,1463,弱キャラ友崎くん,恋愛/ラブコメ
メガトン級ムサシ,2021-09-03,45,166.2,108,36,1168.083333,444,117,299.5128205,102,メガトン級ムサシ,ドラマ/青春
メガトン級ムサシ,2021-09-03,45,166.2,108,36,1168.083333,444,117,299.5128205,102,メガトン級ムサシ,SF/ファンタジー
メガトン級ムサシ,2021-09-03,45,166.2,108,36,1168.083333,444,117,299.5128205,102,メガトン級ムサシ,SF/ファンタジー
メガトン級ムサシ,2021-09-03,45,166.2,108,36,1168.083333,444,117,299.5128205,102,メガトン級ムサシ,アクション/バトル
真の仲間じゃないと勇者のパーティーを追い出されたので、辺境でスローライフすることにしました,2021-10-06,5,165.6,175,19,252.3684211,203,20,289.8,245.5,真の仲間じゃないと勇者のパーティーを追い出されたので、辺境でスローライフすることにしました,SF/ファンタジー
僕のヒーローアカデミア,2015-08-09,27,444.6666667,404,270,338.8666667,237,,,,僕のヒーローアカデミア,ドラマ/青春
かくしごと,2020-03-03,27,780.7407407,578,88,943.6590909,299,,,,かくしごと,ドラマ/青春
ダイヤのA,2013-09-07,78,135.5641026,114,14,441.4285714,77,,,,ダイヤのA,ドラマ/青春
DAME×PRINCE,2017-08-05,3,274.6666667,207,4,1758.75,1645.5,,,,DAME×PRINCE,恋愛/ラブコメ
だがしかし,2015-12-06,52,791.5961538,351.5,81,459.0123457,135,,,,だがしかし,ドラマ/青春
だがしかし,2015-12-06,52,791.5961538,351.5,81,459.0123457,135,,,,だがしかし,コメディ/ギャグ
精霊使いの剣舞,2014-03-18,4,85.75,82,10,29.5,24,,,,精霊使いの剣舞,恋愛/ラブコメ
精霊使いの剣舞,2014-03-18,4,85.75,82,10,29.5,24,,,,精霊使いの剣舞,SF/ファンタジー
精霊使いの剣舞,2014-03-18,4,85.75,82,10,29.5,24,,,,精霊使いの剣舞,SF/ファンタジー
俺を好きなのはお前だけかよ,2019-10-03,48,898.7083333,647.5,156,406.7948718,192,7,381.7142857,121,俺を好きなのはお前だけかよ,ドラマ/青春
俺を好きなのはお前だけかよ,2019-10-03,48,898.7083333,647.5,156,406.7948718,192,7,381.7142857,121,俺を好きなのはお前だけかよ,恋愛/ラブコメ
シドニアの騎士,2014-03-22,24,56.79166667,53,6,17.33333333,4.5,,,,シドニアの騎士,SF/ファンタジー
城下町のダンデライオン,2015-06-26,15,341.6666667,364,15,415.2666667,172,,,,城下町のダンデライオン,コメディ/ギャグ
城下町のダンデライオン,2015-06-26,15,341.6666667,364,15,415.2666667,172,,,,城下町のダンデライオン,コメディ/ギャグ
はたらく魔王さま!,2022-03-23,6,1350,1350,48,4222.625,1336.5,6,2064.5,2064.5,はたらく魔王さま!,コメディ/ギャグ
あまんちゅ!,2016-03-15,10,646.4,801,6,1296.666667,859,,,,あまんちゅ!,ドラマ/青春
エロマンガ先生,2017-01-31,16,1411.25,1099,17,1012.647059,704,,,,エロマンガ先生,ドラマ/青春
エロマンガ先生,2017-01-31,16,1411.25,1099,17,1012.647059,704,,,,エロマンガ先生,恋愛/ラブコメ
アニマエール!,2018-08-31,16,508.5,438,16,904.125,600.5,,,,アニマエール!,ドラマ/青春
きんいろモザイク,2013-05-18,126,39.87301587,31,114,31.78947368,16,,,,きんいろモザイク,コメディ/ギャグ
きんいろモザイク,2013-05-18,126,39.87301587,31,114,31.78947368,16,,,,きんいろモザイク,コメディ/ギャグ
少年ハリウッド,2014-05-18,10,120.2,117,21,51,17,,,,少年ハリウッド,ドラマ/青春
少年ハリウッド,2014-05-18,10,120.2,117,21,51,17,,,,少年ハリウッド,ドラマ/青春
史上最強の大魔王、村人Aに転生する,2022-02-03,3,310,297,19,565.2105263,374,,,,史上最強の大魔王、村人Aに転生する,SF/ファンタジー
文豪とアルケミスト,2020-04-18,9,1866.333333,1947,30,4014,3557,,,,文豪とアルケミスト,SF/ファンタジー
のりものまん モービルランドのカークン,2020-09-17,3,52.66666667,63,59,33.81355932,32,13,118.5384615,48,のりものまん モービルランドのカークン,コメディ/ギャグ
シュート!,2022-08-06,5,151,119,125,219.768,76,9,466.1111111,102,シュート!,ドラマ/青春
スローループ,2021-12-11,26,547.5769231,499.5,10,2242.7,1815,4,3086.75,1046.5,スローループ,ドラマ/青春
桜Trick,2013-12-29,41,139.9512195,99,17,312.3529412,196,,,,桜Trick,ドラマ/青春
桜Trick,2013-12-29,41,139.9512195,99,17,312.3529412,196,,,,桜Trick,恋愛/ラブコメ
桜Trick,2013-12-29,41,139.9512195,99,17,312.3529412,196,,,,桜Trick,恋愛/ラブコメ
もののがたり,2022-12-19,16,318.75,285.5,164,517.6829268,232,84,405.3333333,209,もののがたり,ドラマ/青春
もののがたり,2022-12-19,16,318.75,285.5,164,517.6829268,232,84,405.3333333,209,もののがたり,SF/ファンタジー
もののがたり,2022-12-19,16,318.75,285.5,164,517.6829268,232,84,405.3333333,209,もののがたり,アクション/バトル
プランダラ,2019-11-15,2,556,556,6,1057.333333,581.5,,,,プランダラ,恋愛/ラブコメ
プランダラ,2019-11-15,2,556,556,6,1057.333333,581.5,,,,プランダラ,アクション/バトル
ウィッチクラフトワークス,2014-01-13,27,15.88888889,14,81,19.67901235,11,,,,ウィッチクラフトワークス,SF/ファンタジー
不滅のあなたへ,2021-04-26,4,686,686,116,1020.931034,348,64,591.0625,388.5,不滅のあなたへ,ドラマ/青春
不滅のあなたへ,2021-04-26,4,686,686,116,1020.931034,348,64,591.0625,388.5,不滅のあなたへ,SF/ファンタジー
千銃士,2018-02-26,5,730.8,664,73,945.8356164,722,21,568.6190476,238,千銃士,SF/ファンタジー
彼岸島,2013-10-29,1,25,25,23,75.04347826,20,,,,彼岸島,ドラマ/青春
彼岸島,2013-10-29,1,25,25,23,75.04347826,20,,,,彼岸島,アクション/バトル
四月は君の嘘,2014-08-11,21,159.8571429,132,48,113.0416667,63.5,14,14.85714286,14.5,四月は君の嘘,ドラマ/青春
四月は君の嘘,2014-08-11,21,159.8571429,132,48,113.0416667,63.5,14,14.85714286,14.5,四月は君の嘘,ドラマ/青春
山田くんと7人の魔女,2014-08-01,6,41,35,38,67.97368421,38.5,,,,山田くんと7人の魔女,ドラマ/青春
山田くんと7人の魔女,2014-08-01,6,41,35,38,67.97368421,38.5,,,,山田くんと7人の魔女,恋愛/ラブコメ
山田くんと7人の魔女,2014-08-01,6,41,35,38,67.97368421,38.5,,,,山田くんと7人の魔女,SF/ファンタジー
博多豚骨ラーメンズ,2017-09-10,7,278.7142857,231,21,442.3333333,160,,,,博多豚骨ラーメンズ,ドラマ/青春
約束のネバーランド,2018-05-01,2,832,832,14,2218.142857,1596,,,,約束のネバーランド,ドラマ/青春
約束のネバーランド,2018-05-01,2,832,832,14,2218.142857,1596,,,,約束のネバーランド,SF/ファンタジー
約束のネバーランド,2018-05-01,2,832,832,14,2218.142857,1596,,,,約束のネバーランド,SF/ファンタジー
約束のネバーランド,2018-05-01,2,832,832,14,2218.142857,1596,,,,約束のネバーランド,SF/ファンタジー
約束のネバーランド,2018-05-01,2,832,832,14,2218.142857,1596,,,,約束のネバーランド,SF/ファンタジー
半妖の夜叉姫,2020-10-24,6,2568.666667,2567,148,4858.256757,2987,,,,半妖の夜叉姫,SF/ファンタジー
半妖の夜叉姫,2020-10-24,6,2568.666667,2567,148,4858.256757,2987,,,,半妖の夜叉姫,アクション/バトル
MARS RED,2020-11-02,1,169,169,30,399.4,350,6,450.8333333,427.5,MARS RED,SF/ファンタジー
真剣で私に恋しなさい!,2011-12-09,3,8.666666667,8,53,7,5,,,,真剣で私に恋しなさい!,恋愛/ラブコメ
真剣で私に恋しなさい!,2011-12-09,3,8.666666667,8,53,7,5,,,,真剣で私に恋しなさい!,恋愛/ラブコメ
真剣で私に恋しなさい!,2011-12-09,3,8.666666667,8,53,7,5,,,,真剣で私に恋しなさい!,恋愛/ラブコメ
魔王様、リトライ!,2019-07-31,5,225.6,229,84,212.8214286,143.5,19,90.26315789,96,魔王様、リトライ!,SF/ファンタジー
魔王様、リトライ!,2019-07-31,5,225.6,229,84,212.8214286,143.5,19,90.26315789,96,魔王様、リトライ!,SF/ファンタジー
ぼくのとなりに暗黒破壊神がいます。,2020-01-07,5,699.6,663,21,761.3333333,697,23,336.3478261,288,ぼくのとなりに暗黒破壊神がいます。,ドラマ/青春
ぼくのとなりに暗黒破壊神がいます。,2020-01-07,5,699.6,663,21,761.3333333,697,23,336.3478261,288,ぼくのとなりに暗黒破壊神がいます。,コメディ/ギャグ
グラップラー刃牙,2018-09-05,4,102,102,596,447.5033557,131,32,1071.5,482,グラップラー刃牙,ドラマ/青春
魔弾の王と戦姫,2014-09-05,10,48.9,40.5,37,60.97297297,34,,,,魔弾の王と戦姫,SF/ファンタジー
無彩限のファントム・ワールド,2015-12-18,21,309.6190476,299,25,178.72,174,,,,無彩限のファントム・ワールド,ドラマ/青春
無彩限のファントム・ワールド,2015-12-18,21,309.6190476,299,25,178.72,174,,,,無彩限のファントム・ワールド,SF/ファンタジー
同居人はひざ、時々、頭のうえ。,2018-11-11,26,477.9615385,315,9,537,428,,,,同居人はひざ、時々、頭のうえ。,コメディ/ギャグ
私に天使が舞い降りた!,2018-11-19,17,995.5882353,596,11,363.5454545,391,,,,私に天使が舞い降りた!,恋愛/ラブコメ
キミと僕の最後の戦場、あるいは世界が始まる聖戦,2020-08-31,13,193.9230769,161,40,607.15,522,,,,キミと僕の最後の戦場、あるいは世界が始まる聖戦,SF/ファンタジー
ノーゲーム・ノーライフ,2014-03-31,34,156.5588235,118.5,63,38.88888889,25,17,30.29411765,17,ノーゲーム・ノーライフ,SF/ファンタジー
ノーゲーム・ノーライフ,2014-03-31,34,156.5588235,118.5,63,38.88888889,25,17,30.29411765,17,ノーゲーム・ノーライフ,SF/ファンタジー
うたの☆プリンスさまっ♪,2020-02-03,3,12778,11630,23,9763.826087,6179,,,,うたの☆プリンスさまっ♪,恋愛/ラブコメ
終わりのセラフ,2014-12-20,14,390.7142857,356,18,1264.222222,311,,,,終わりのセラフ,ドラマ/青春
終わりのセラフ,2014-12-20,14,390.7142857,356,18,1264.222222,311,,,,終わりのセラフ,SF/ファンタジー
終わりのセラフ,2014-12-20,14,390.7142857,356,18,1264.222222,311,,,,終わりのセラフ,SF/ファンタジー
賢者の孫,2019-03-02,6,207.8333333,212,53,237.8113208,162,2,790,790,賢者の孫,SF/ファンタジー
賢者の孫,2019-03-02,6,207.8333333,212,53,237.8113208,162,2,790,790,賢者の孫,SF/ファンタジー
君と僕。,2011-09-11,8,39,23,25,62.32,56,,,,君と僕。,コメディ/ギャグ
究極進化したフルダイブRPGが現実よりもクソゲーだったら,2021-03-26,14,133.7142857,109.5,48,260.6875,119.5,,,,究極進化したフルダイブRPGが現実よりもクソゲーだったら,アクション/バトル
ゴブリンスレイヤー,2017-11-27,1,93,93,2,115.5,115.5,,,,ゴブリンスレイヤー,SF/ファンタジー
ゴブリンスレイヤー,2017-11-27,1,93,93,2,115.5,115.5,,,,ゴブリンスレイヤー,SF/ファンタジー
ゴブリンスレイヤー,2017-11-27,1,93,93,2,115.5,115.5,,,,ゴブリンスレイヤー,SF/ファンタジー
ゴブリンスレイヤー,2017-11-27,1,93,93,2,115.5,115.5,,,,ゴブリンスレイヤー,SF/ファンタジー
中華一番!,2021-01-11,3,83,83,123,200.9756098,111,,,,中華一番!,アクション/バトル
ちはやふる,2011-11-01,24,29,12,75,44.2,33,,,,ちはやふる,恋愛/ラブコメ
アクダマドライブ,2020-10-08,113,368.3097345,202,74,418.9324324,203,28,885,453,アクダマドライブ,アクション/バトル
科学忍者隊ガッチャマン,2013-07-20,38,101.1578947,70,5,65.4,46,,,,科学忍者隊ガッチャマン,SF/ファンタジー
科学忍者隊ガッチャマン,2013-07-20,38,101.1578947,70,5,65.4,46,,,,科学忍者隊ガッチャマン,アクション/バトル
少年のアビス,2022-01-14,23,372.3478261,351,23,413.9565217,305,37,398.0540541,257,少年のアビス,恋愛/ラブコメ
将国のアルタイル,2017-06-15,17,169.6470588,109,41,354.5121951,153,4,1425.25,691,将国のアルタイル,SF/ファンタジー
魔法少女 俺,2018-03-16,14,594.5714286,583.5,22,1102.272727,855.5,,,,魔法少女 俺,SF/ファンタジー
魔法少女 俺,2018-03-16,14,594.5714286,583.5,22,1102.272727,855.5,,,,魔法少女 俺,SF/ファンタジー
魔法少女 俺,2018-03-16,14,594.5714286,583.5,22,1102.272727,855.5,,,,魔法少女 俺,コメディ/ギャグ
魔法少女 俺,2018-03-16,14,594.5714286,583.5,22,1102.272727,855.5,,,,魔法少女 俺,コメディ/ギャグ
ポプテピピック,2022-07-01,6,2209,2209,3,3052,3052,225,5510.28,2702,ポプテピピック,コメディ/ギャグ
宇宙兄弟,2012-04-10,1,46,46,65,36.92307692,19,,,,宇宙兄弟,ドラマ/青春
異世界はスマートフォンとともに。,2023-05-03,15,179.2,168,243,658.4567901,513,,,,異世界はスマートフォンとともに。,SF/ファンタジー
スライム倒して300年、知らないうちにレベルMAXになってました,2021-01-15,2,503,503,204,294.7156863,206.5,74,271.4594595,237,スライム倒して300年、知らないうちにレベルMAXになってました,SF/ファンタジー
DYNAMIC CHORD,2017-07-01,11,431,287,2,272.5,272.5,,,,DYNAMIC CHORD,恋愛/ラブコメ
月とライカと吸血姫,2021-10-01,13,107.2307692,93,67,306.358209,186,15,181.1333333,125,月とライカと吸血姫,恋愛/ラブコメ
月とライカと吸血姫,2021-10-01,13,107.2307692,93,67,306.358209,186,15,181.1333333,125,月とライカと吸血姫,SF/ファンタジー
迷宮ブラックカンパニー,2021-07-09,12,112.5,115,20,204.75,139,,,,迷宮ブラックカンパニー,SF/ファンタジー
ゴールデンカムイ,2018-04-17,260,1648.057692,921.5,200,3085.775,894.5,,,,ゴールデンカムイ,ドラマ/青春
ゴールデンカムイ,2018-04-17,260,1648.057692,921.5,200,3085.775,894.5,,,,ゴールデンカムイ,ドラマ/青春
ゴールデンカムイ,2018-04-17,260,1648.057692,921.5,200,3085.775,894.5,,,,ゴールデンカムイ,ドラマ/青春
ゴールデンカムイ,2018-04-17,260,1648.057692,921.5,200,3085.775,894.5,,,,ゴールデンカムイ,アクション/バトル
GREAT PRETENDER,2020-05-29,15,254.6,226,2,150.5,150.5,,,,GREAT PRETENDER,ドラマ/青春
異能バトルは日常系のなかで,2014-09-12,9,65,48,84,48.6547619,21,,,,異能バトルは日常系のなかで,ドラマ/青春
異能バトルは日常系のなかで,2014-09-12,9,65,48,84,48.6547619,21,,,,異能バトルは日常系のなかで,恋愛/ラブコメ
アフリカのサラリーマン,2019-10-11,8,474,463.5,44,1338.681818,568,15,1690,535,アフリカのサラリーマン,コメディ/ギャグ
キャプテン翼,2018-03-24,16,393,419,100,559.6,166,,,,キャプテン翼,ドラマ/青春
山田くんとLv999の恋をする,2020-09-07,20,315.4,290,96,324.625,252,,,,山田くんとLv999の恋をする,恋愛/ラブコメ
山田くんとLv999の恋をする,2020-09-07,20,315.4,290,96,324.625,252,,,,山田くんとLv999の恋をする,恋愛/ラブコメ