large_class_ip_name,product_date,product_count,product_mean,product_median,three_month_count,three_month_mean,three_month_median,six_month_count,six_month_mean,six_month_median,ip_type
갓 오브 하이 스쿨,2020-09-29,3,123.0,125.0,148,191.04729729729721,114.5,,,,漫画
おちこぼれフルーツタルト,2020-07-26,7,533.0,372.0,9,1252.3333333333335,693.0,7,1225.5714285714287,1194.0,漫画
見える子ちゃん,2021-08-13,7,766.57142857142856,419.0,29,1202.2068965517242,795.0,,,,漫画
聖闘士星矢,2022-11-22,12,604.33333333333337,525.0,32,171.5,128.5,68,153.23529411764704,149.0,漫画
おとなの防具屋さん,2021-04-28,6,23.333333333333332,23.0,62,82.838709677419388,43.0,92,31.217391304347842,6.5,漫画
天晴爛漫!,2020-07-03,29,130.65517241379311,111.0,114,426.09649122807008,235.5,45,212.8,115.0,アニメ
処刑少女の生きる道,2022-03-22,1,217.0,217.0,43,183.58139534883719,114.0,29,259.0344827586207,130.0,ライトノベル
トライガン,2022-11-27,3,1400.6666666666665,643.0,28,3651.4285714285711,2264.0,,,,漫画
妹さえいればいい。,2017-07-19,35,337.6,321.0,2,955.5,955.5,,,,ライトノベル
下ネタという概念が存在しない退屈な世界,2015-06-28,25,159.2,125.0,14,67.571428571428569,46.0,,,,ライトノベル
デンキ街の本屋さん,2014-10-03,7,40.999999999999993,36.0,77,63.584415584415595,32.0,,,,漫画
魔王イブロギアに身を捧げよ,2020-11-22,6,22.5,21.5,163,29.392638036809824,8.0,,,,漫画
鉄拳,2021-05-06,2,21.5,21.5,2,379.0,379.0,,,,ゲーム
信長協奏曲,2014-12-01,1,159.0,159.0,41,162.80487804878052,151.0,16,49.875000000000007,33.5,漫画
ふらいんぐうぃっち,2015-12-18,4,225.25,183.0,86,24.779069767441847,15.5,,,,漫画
女子力高めな獅子原くん,2022-12-27,1,124.0,124.0,6,238.16666666666666,223.5,,,,漫画
あそびあそばせ,2018-07-27,23,424.4347826086958,403.0,36,265.13888888888886,161.5,,,,漫画
封神演義,2017-12-16,48,1162.8333333333333,853.5,56,9481.6428571428569,3051.0,,,,漫画
封神演義,2017-12-16,48,1162.8333333333333,853.5,56,9481.6428571428569,3051.0,,,,ゲーム
ザ・ファブル,2019-03-20,6,1109.3333333333333,509.0,24,1566.4583333333335,1012.5,1,275.0,275.0,漫画
小林さんちのメイドラゴン,2020-04-24,6,339.33333333333337,323.0,14,273.0,251.0,,,,漫画
学園ハンサム,2016-07-12,6,1814.1666666666665,1007.5,11,1853.9090909090908,415.0,,,,ゲーム
オンエアできない!,2022-01-07,3,87.333333333333343,64.0,31,53.322580645161281,47.0,,,,漫画
DAME×PRINCE,2017-08-05,3,274.66666666666663,207.0,4,1758.75,1645.5,,,,ゲーム
パリピ孔明,2022-03-31,5,1857.6000000000001,919.0,12,1473.1666666666665,709.0,,,,漫画
マギ,2012-08-12,11,341.18181818181813,115.0,51,509.52941176470586,73.0,,,,漫画
その着せ替え人形は恋をする,2022-01-09,70,3445.6714285714284,2522.0,75,2931.1733333333332,1333.0,,,,漫画
ひげを剃る。そして女子高生を拾う。,2021-04-21,3,1257.6666666666667,1288.0,24,1451.1666666666663,727.5,26,1751.5,823.0,ライトノベル
安達としまむら,2020-05-01,1,5125.0,5125.0,1,1238.0,1238.0,5,2909.4,3304.0,ライトノベル
ピクミン,2021-11-19,1,2460.0,2460.0,3,9212.6666666666679,7987.0,,,,ゲーム
プラチナエンド,2021-10-03,38,268.26315789473688,194.0,81,877.17283950617286,494.0,22,795.86363636363649,571.0,漫画
海賊王女,2021-10-15,3,585.0,575.0,36,522.83333333333337,284.5,,,,アニメ
歌のお姉さんだってHしたい 〜こんな顔、TVの前のみんなには見せられないよ…,2019-04-08,20,52.5,51.0,24,127.50000000000003,62.5,,,,漫画
超人高校生たちは異世界でも余裕で生き抜くようです!,2019-10-23,2,447.5,447.5,60,453.99999999999994,212.5,9,1202.0,525.0,ライトノベル
ダンボール戦機,2020-03-26,4,1276.5,1217.0,77,87.649350649350666,85.0,,,,ゲーム
月とライカと吸血姫,2021-10-01,13,107.23076923076923,93.0,67,306.3582089552238,186.0,15,181.13333333333333,125.0,ライトノベル
虫かぶり姫,2022-12-08,41,647.92682926829252,622.0,146,1076.8493150684928,760.5,33,1019.5151515151515,373.0,ライトノベル
アニマエール!,2018-08-31,16,508.5,438.0,16,904.12500000000011,600.5,,,,漫画
それが声優!,2015-06-18,17,110.94117647058823,98.0,53,56.603773584905667,31.0,,,,漫画
SHIROBAKO,2014-10-14,21,147.33333333333334,127.0,35,55.742857142857147,43.0,,,,アニメ
魔法陣グルグル,2022-10-13,10,371.8,233.0,10,310.2,200.0,,,,漫画
少女たちは荒野を目指す,2015-12-29,29,92.896551724137922,69.0,11,95.181818181818187,86.0,,,,ゲーム
ポケットモンスター,2020-07-21,4,3747.0,3747.0,282,5442.3687943262394,2653.0,380,6488.07368421053,3268.0,ゲーム
怪物事変,2020-11-27,76,1963.473684210526,1784.0,4,33742.0,33742.0,6,9324.3333333333321,8540.0,漫画
レイトンシリーズ,2018-06-07,2,132.0,132.0,79,628.89873417721526,234.0,,,,アニメ
レイトンシリーズ,2018-06-07,2,132.0,132.0,79,628.89873417721526,234.0,,,,ゲーム
RPG不動産,2022-03-07,17,319.35294117647055,325.0,13,789.30769230769238,587.0,2,517.5,517.5,漫画
青の祓魔師,2011-04-04,40,63.199999999999996,35.0,72,83.6111111111111,40.5,,,,漫画
ディバインゲート,2015-11-18,57,256.28070175438592,184.0,35,737.51428571428573,666.0,,,,ゲーム
クズの本懐,2016-12-24,71,485.18309859154942,355.0,21,2428.5238095238092,1788.0,12,2232.25,649.0,漫画
BLUE REFLECTION,2021-05-28,3,114.33333333333333,108.0,142,238.67605633802822,168.0,,,,ゲーム
双星の陰陽師,2016-04-13,42,175.85714285714286,159.0,134,201.00746268656727,109.5,,,,漫画
まいてつ,2020-07-22,11,290.5454545454545,297.0,2,2505.5,2505.5,,,,ゲーム
天地創造デザイン部,2020-10-30,29,300.551724137931,121.0,42,506.76190476190476,129.5,9,655.66666666666663,54.0,漫画
北斗の拳,2013-04-11,6,14.666666666666666,11.0,96,15.97916666666667,6.0,,,,漫画
白い砂のアクアトープ,2021-07-09,34,1497.5,1058.5,44,2072.2272727272721,1201.5,11,2708.9090909090914,1307.0,アニメ
君と僕。,2011-09-11,8,39.0,23.0,25,62.319999999999986,56.0,,,,漫画
人間不信の冒険者たちが世界を救うようです,2022-12-06,1,268.0,268.0,21,307.66666666666663,125.0,,,,ライトノベル
森のくまさん、冬眠中に乳首を愛でられました｡,2021-08-19,1,85.0,85.0,85,164.96470588235294,41.0,,,,漫画
荒ぶる季節の乙女どもよ。,2019-07-13,6,302.0,204.0,75,471.03999999999996,183.0,27,185.22222222222226,59.0,漫画
多田くんは恋をしない,2018-04-06,62,311.9354838709678,269.5,82,590.7317073170733,170.5,5,30.4,25.0,アニメ
覆面系ノイズ,2017-03-18,47,558.97872340425556,388.0,29,747.06896551724128,375.0,,,,漫画
LOVE STAGE!!,2014-04-03,20,125.05000000000001,97.5,10,238.9,48.5,,,,漫画
うたわれるもの,2015-09-28,6,88.5,88.5,420,126.37857142857135,44.0,,,,ゲーム
ハナヤマタ,2014-05-30,35,248.11428571428573,152.0,37,107.16216216216218,53.0,,,,漫画
異種族レビュアーズ,2019-12-20,6,444.66666666666669,406.0,11,2105.818181818182,575.0,,,,漫画
文豪とアルケミスト,2020-04-18,9,1866.3333333333333,1947.0,30,4014.0,3557.0,,,,ゲーム
EDENS ZERO,2021-04-25,8,1319.5,1067.0,74,3075.2702702702709,1593.0,48,2235.708333333333,1264.0,漫画
うる星やつら,2022-10-14,42,5037.7619047619046,3713.0,18,33708.555555555555,23109.0,58,22163.862068965518,8108.0,漫画
カードキャプターさくら,2020-02-07,12,1280.6666666666667,1426.0,12,2093.6666666666665,828.0,,,,漫画
D.Gray-man,2016-03-04,1,1408.0,1408.0,27,5279.6296296296287,3799.0,,,,漫画
Axis powers ヘタリア,2021-03-26,6,3325.0,3812.0,70,14356.142857142859,13174.0,,,,漫画
たとえばラストダンジョン前の村の少年が序盤の街で暮らすような物語,2020-02-08,1,48.0,48.0,4,60.5,51.5,,,,ライトノベル
アリスと蔵六,2017-03-16,5,272.8,249.0,9,199.55555555555554,95.0,,,,漫画
一騎当千,2022-04-19,45,142.40000000000003,171.0,270,176.56666666666678,98.5,27,680.33333333333337,622.0,漫画
終末のイゼッタ,2016-12-06,3,281.0,175.0,189,226.84126984126976,112.0,,,,アニメ
失格紋の最強賢者 〜世界最強の賢者が更に強くなるために転生しました〜,2021-10-15,10,624.4,535.0,92,88.043478260869563,65.5,70,133.25714285714284,64.0,ライトノベル
マジカパーティ,2021-04-27,7,21.571428571428569,4.0,11,260.63636363636363,178.0,,,,アニメ
消滅都市,2019-09-03,3,127.0,127.0,478,142.39539748953979,1.0,118,140.88135593220335,25.0,ゲーム
忍たま乱太郎,2020-06-29,15,3435.0,3310.0,12,2131.0,2226.0,,,,アニメ
よふかしのうた,2022-07-04,17,1755.7058823529412,1601.0,54,3505.6851851851848,2575.0,48,3424.8125000000005,1378.0,漫画
女子高生の無駄づかい,2019-05-07,2,608.0,608.0,3,198.66666666666669,189.0,,,,漫画
うどんの国の金色毛鞠,2016-04-26,1,28.0,28.0,8,411.875,148.0,,,,漫画
ギヴン,2019-07-19,27,3348.5555555555557,2698.0,58,3616.1379310344832,1865.0,,,,漫画
ロックマンシリーズ,2022-10-05,153,2147.3333333333335,574.0,238,1357.2857142857156,634.0,,,,ゲーム
土下座で頼んでみた,2020-09-30,2,270.0,270.0,6,485.16666666666669,33.5,,,,漫画
科学アドベンチャーシリーズ,2011-02-06,96,18.500000000000004,18.0,296,10.51351351351351,3.0,,,,ゲーム
阿波連さんははかれない,2022-04-02,2,2301.5,2301.5,64,1931.2187500000002,1690.0,11,3478.090909090909,969.0,漫画
憂国のモリアーティ,2020-08-04,82,1388.512195121951,1121.0,18,8562.1111111111113,4275.0,,,,漫画
チェンソーマン,2021-02-08,6,13008.5,10278.5,7,42842.714285714283,29046.0,,,,漫画
はねバド!,2018-03-16,1,86.0,86.0,7,651.42857142857144,190.0,,,,漫画
ACCA13区監察課,2016-10-21,39,387.76923076923077,299.0,22,833.68181818181824,339.5,,,,漫画
ダーリン・イン・ザ・フランキス,2017-12-20,61,1043.8524590163938,684.0,102,938.813725490196,404.0,,,,アニメ
蒼の彼方のフォーリズム,2015-12-08,117,269.23076923076917,191.0,198,214.65151515151504,139.0,,,,ゲーム
A3!,2019-03-08,6,12855.666666666668,10356.0,4,53646.5,53646.5,,,,ゲーム
東京喰種トーキョーグール,2014-04-03,24,243.66666666666666,229.0,144,94.527777777777786,41.5,,,,漫画
くノ一ツバキの胸の内,2022-03-11,55,397.0,316.0,48,688.16666666666663,604.0,,,,漫画
ヒナまつり,2018-03-04,11,353.36363636363637,252.0,17,305.52941176470586,169.0,,,,漫画
ポプテピピック,2022-07-01,6,2209.0,2209.0,3,3052.0,3052.0,225,5510.2799999999988,2702.0,漫画
科学忍者隊ガッチャマン,2013-07-20,38,101.1578947368421,70.0,5,65.4,46.0,,,,アニメ
将国のアルタイル,2017-06-15,17,169.64705882352942,109.0,41,354.51219512195121,153.0,4,1425.25,691.0,漫画
スライム倒して300年、知らないうちにレベルMAXになってました,2021-01-15,2,503.0,503.0,204,294.71568627450984,206.5,74,271.45945945945954,237.0,ライトノベル
DYNAMIC CHORD,2017-07-01,11,431.0,287.0,2,272.5,272.5,,,,ゲーム
真剣で私に恋しなさい!,2011-12-09,3,8.6666666666666679,8.0,53,7.0000000000000018,5.0,,,,ゲーム
魔王様、リトライ!,2019-07-31,5,225.6,229.0,84,212.82142857142856,143.5,19,90.26315789473685,96.0,ライトノベル
迷家 -マヨイガ-,2016-03-26,8,128.25,112.5,14,293.64285714285717,191.0,,,,アニメ
TARI TARI,2012-06-29,29,76.48275862068968,65.0,11,32.090909090909086,22.0,,,,アニメ
櫻子さんの足下には死体が埋まっている,2015-10-08,4,167.25,197.5,28,173.67857142857147,140.0,6,52.833333333333336,35.5,ライトノベル
乙女ゲー世界はモブに厳しい世界です,2022-04-01,1,339.0,339.0,44,506.0454545454545,360.5,,,,ライトノベル
監獄学園,2015-07-11,47,272.2978723404255,196.0,65,401.19999999999982,159.0,,,,漫画
メガトン級ムサシ,2021-09-03,45,166.19999999999996,108.0,36,1168.0833333333335,444.0,117,299.51282051282044,102.0,ゲーム
スパイ教室,2021-07-27,1,218.0,218.0,24,874.95833333333348,471.0,,,,ライトノベル
テスラノート,2021-08-20,4,51.75,50.5,1,88.0,88.0,,,,漫画
涼宮ハルヒシリーズ,2015-03-09,50,60.140000000000008,43.0,13,325.76923076923083,209.0,,,,ライトノベル
放課後さいころ倶楽部,2019-10-11,4,131.5,75.5,103,259.92233009708735,159.0,,,,漫画
魔法少女まどか☆マギカ,2011-01-14,8,137.25,62.5,88,24.113636363636363,16.5,,,,アニメ
放課後ていぼう日誌,2020-01-19,4,190.25,118.5,11,395.00000000000006,313.0,11,362.81818181818181,189.0,漫画
世界最高の暗殺者、異世界貴族に転生する,2021-10-06,4,462.75,394.5,33,312.84848484848487,199.0,15,337.46666666666675,145.0,ライトノベル
どうぶつの森,2022-11-25,8,5318.625,5065.5,8,12812.5,10542.5,,,,ゲーム
Lostorage incited WIXOSS,2014-04-03,5,277.8,176.0,50,22.079999999999995,18.5,,,,アニメ
ピーチボーイリバーサイド,2021-08-20,6,169.33333333333334,115.5,116,306.72413793103442,184.5,25,271.84,123.0,漫画
蒼天の拳,2018-04-02,3,84.0,84.0,87,91.137931034482776,55.0,84,33.678571428571416,26.0,漫画
ブラック・ブレット,2014-04-28,17,244.29411764705884,178.0,40,111.14999999999999,62.5,,,,ライトノベル
彼方のアストラ,2019-07-03,21,256.61904761904759,168.0,42,1373.0,968.5,,,,漫画
かぐや様は告らせたい 〜天才たちの恋愛頭脳戦〜,2019-01-12,344,1189.3953488372092,965.5,272,835.08823529411768,328.0,44,1542.8181818181818,609.0,漫画
ハクメイとミコチ,2018-01-12,16,403.18749999999994,359.5,38,684.68421052631584,355.0,,,,漫画
グランブルーファンタジー,2016-10-11,20,995.9,208.0,24,2169.1666666666661,1469.5,,,,ゲーム
スーパーロボット大戦,2013-03-14,15,13.0,13.0,450,35.399999999999991,24.5,,,,ゲーム
BANANA FISH,2018-07-05,13,3842.3846153846152,3693.0,29,3729.7586206896558,1850.0,6,10871.666666666668,3556.5,漫画
徒然チルドレン,2017-06-14,13,440.84615384615387,230.0,8,1124.375,564.5,,,,漫画
一週間フレンズ。,2014-04-07,21,190.47619047619048,150.0,70,107.72857142857147,79.0,,,,漫画
わたしの幸せな結婚,2021-05-21,18,557.33333333333326,576.0,6,1085.3333333333333,705.0,,,,ライトノベル
りゅうおうのおしごと!,2017-07-12,3,142.0,117.0,11,254.99999999999997,115.0,9,123.77777777777777,116.0,ライトノベル
白猫プロジェクト,2020-03-02,8,571.25,540.0,39,1359.1538461538466,854.0,,,,ゲーム
メイドインアビス,2017-07-07,168,537.49999999999989,249.5,342,423.78947368421058,232.0,48,1852.6250000000002,287.0,漫画
フルーツバスケット,2019-03-05,128,1729.53125,1395.5,132,9964.515151515152,2248.0,,,,漫画
グリザイアシリーズ,2014-08-13,11,181.72727272727272,184.0,4,926.25,1041.0,,,,ゲーム
あんハピ♪,2015-12-01,5,90.0,91.0,12,60.083333333333336,38.5,,,,漫画
キャプテン翼,2018-03-24,16,393.0,419.0,100,559.60000000000014,166.0,,,,漫画
錆喰いビスコ,2022-01-10,17,369.05882352941182,279.0,26,830.61538461538476,518.0,8,518.0,492.5,ライトノベル
きんいろモザイク,2013-05-18,126,39.873015873015859,31.0,114,31.789473684210524,16.0,,,,漫画
銃皇無尽のファフニール,2014-11-12,12,96.833333333333343,84.5,12,69.166666666666657,20.5,,,,ライトノベル
ドラゴン、家を買う。,2021-04-03,9,188.66666666666666,167.0,51,518.52941176470586,298.0,7,534.85714285714289,98.0,漫画
ブレンド・S,2017-09-29,40,1669.6750000000002,1311.0,31,598.29032258064512,439.0,,,,漫画
大家さんと僕,2019-04-16,4,1426.5,1426.5,62,325.16129032258061,137.0,,,,漫画
男子高校生の日常,2011-11-03,25,30.36,14.0,74,19.891891891891888,13.0,,,,漫画
フリップフラッパーズ,2016-07-24,8,167.0,176.0,1,125.0,125.0,,,,アニメ
トニカクカワイイ,2020-09-18,48,690.33333333333326,599.5,20,3201.6000000000004,2517.0,20,669.19999999999993,861.0,漫画
ポケットモンスター,2020-07-21,4,3747.0,3747.0,282,5442.3687943262394,2653.0,380,6488.07368421053,3268.0,アニメ
DIVE!!,2021-04-23,4,2417.75,2011.0,21,6152.7142857142853,5490.0,,,,漫画
世界でいちばん強くなりたい!,2013-09-18,13,11.0,9.0,15,10.133333333333335,6.0,2,8.0,8.0,漫画
甘々と稲妻,2016-05-13,31,381.41935483870969,225.0,29,370.0344827586207,189.0,,,,漫画
ブギーポップは笑わない,2019-01-04,8,479.12499999999994,332.5,32,733.875,515.0,1,4245.0,4245.0,ライトノベル
魔法科高校の劣等生,2014-02-02,135,74.222222222222214,71.0,285,146.26315789473679,80.0,,,,ライトノベル
Back Street Girls -ゴクドルズ-,2018-07-02,11,142.27272727272728,130.0,68,192.95588235294122,73.0,,,,漫画
組長娘と世話係,2022-04-08,4,704.5,707.5,29,3236.4482758620693,2434.0,,,,漫画
ログ・ホライズン,2020-10-10,15,465.0,486.0,115,518.2608695652176,305.0,115,847.13043478260886,543.0,ライトノベル
BASTARD!! -暗黒の破壊神-,2023-02-12,15,203.79999999999998,225.0,102,296.88235294117652,251.5,,,,漫画
青春ブタ野郎シリーズ,2018-08-15,128,1428.2812500000002,1232.5,118,1413.8474576271187,1135.0,,,,ライトノベル
戦刻ナイトブラッド,2017-04-17,13,668.30769230769238,529.0,103,666.04854368932047,451.0,5,105.0,90.0,ゲーム
賭ケグルイ,2017-07-01,96,324.95833333333331,261.0,146,527.86301369863031,294.0,,,,漫画
リーマンズクラブ,2022-01-29,14,609.07142857142844,577.5,35,861.91428571428594,327.0,,,,アニメ
異世界チート魔術師,2019-07-01,13,195.46153846153845,193.0,33,407.69696969696969,243.0,,,,ライトノベル
ようこそ実力至上主義の教室へ,2017-04-07,30,366.4,197.0,82,150.04878048780486,110.0,224,77.339285714285751,39.5,ライトノベル
終末なにしてますか? 忙しいですか? 救ってもらっていいですか?,2017-04-22,25,256.4,231.0,22,379.00000000000006,257.0,,,,ライトノベル
勇者30,2022-03-17,1,60.0,60.0,29,61.65517241379311,56.0,,,,ゲーム
チュウニズム,2021-03-02,2,998.0,998.0,6,1740.8333333333333,1418.0,,,,ゲーム
あの夏で待ってる,2012-01-16,6,28.833333333333336,26.5,55,19.636363636363637,12.0,,,,アニメ
終わりのセラフ,2014-12-20,14,390.71428571428567,356.0,18,1264.2222222222224,311.0,,,,漫画
賢者の孫,2019-03-02,6,207.83333333333331,212.0,53,237.811320754717,162.0,2,790.0,790.0,ライトノベル
機巧少女は傷つかない,2013-05-28,1,56.0,56.0,25,37.160000000000004,32.0,,,,ライトノベル
宇宙よりも遠い場所,2018-02-26,36,1086.9444444444443,827.0,166,583.879518072289,375.0,,,,アニメ
revisions リヴィジョンズ,2018-12-04,1,61.0,61.0,68,252.52941176470591,105.5,8,191.0,55.0,アニメ
シャインポスト,2021-11-17,1,260.0,260.0,25,337.28,66.0,,,,ライトノベル
戦姫絶唱シンフォギア,2012-01-20,115,51.217391304347828,39.0,185,27.702702702702695,17.0,,,,アニメ
政宗くんのリベンジ,2023-02-07,4,1520.0,1520.0,14,978.71428571428589,1071.0,,,,漫画
少女終末旅行,2017-10-06,8,769.125,664.0,18,1129.7222222222222,937.5,,,,漫画
たまこまーけっと,2013-01-10,63,15.603174603174605,14.0,262,24.526717557251906,14.0,,,,アニメ
異世界美少女受肉おじさんと,2022-01-12,5,244.2,211.0,38,973.94736842105249,298.0,,,,漫画
デビルズライン,2018-02-05,7,717.57142857142856,656.0,2,5096.0,5096.0,,,,漫画
デスマーチからはじまる異世界狂想曲,2018-01-12,12,133.5,125.0,40,278.27500000000003,226.0,,,,ライトノベル
ヘアピンダブル,2022-02-15,1,76.0,76.0,1,390.0,390.0,2,247.5,247.5,アニメ
ブッチギレ!,2022-07-08,33,201.0,168.0,81,550.33333333333326,390.0,,,,アニメ
PUI PUI モルカー,2020-12-21,84,13654.69047619047,4921.5,2,33.5,33.5,,,,アニメ
Vivy -Fluorite Eye's Song-,2021-04-18,54,1081.9444444444443,958.5,34,765.264705882353,488.5,,,,アニメ
ZETMAN,2012-03-05,67,4.9402985074626864,4.0,169,10.065088757396452,2.0,,,,漫画
86-エイティシックス-,2021-04-11,224,742.57142857142821,574.5,344,927.59302325581439,554.5,,,,ライトノベル
バトルガール ハイスクール,2016-08-03,7,612.71428571428578,400.0,43,572.34883720930247,427.0,,,,ゲーム
パックマン,2021-05-21,6,65.333333333333329,66.0,4,70.5,49.0,,,,ゲーム
境界戦機,2021-08-14,2,189.0,189.0,14,613.71428571428567,144.0,,,,アニメ
ヘヴィーオブジェクト,2015-10-13,18,148.16666666666669,74.5,31,95.225806451612911,65.0,,,,ライトノベル
銀河英雄伝説,2017-09-18,24,513.66666666666674,469.0,16,149.50000000000003,149.5,,,,ライトノベル
魔女の旅々,2020-02-05,4,453.0,478.5,57,688.42105263157919,608.0,,,,ライトノベル
異世界迷宮でハーレムを,2022-06-13,13,215.92307692307693,153.0,1,332.0,332.0,,,,ライトノベル
めいたんていラスカル,2013-11-24,9,390.44444444444446,9.0,97,15.597938144329898,14.0,96,7.322916666666667,6.0,アニメ
真の仲間じゃないと勇者のパーティーを追い出されたので、辺境でスローライフすることにしました,2021-10-06,5,165.6,175.0,19,252.36842105263162,203.0,20,289.8,245.5,ライトノベル
甘城ブリリアントパーク,2014-09-20,23,134.04347826086956,85.0,37,97.756756756756744,71.0,,,,ライトノベル
贄姫と獣の王,2023-04-20,4,268.5,268.5,106,442.30188679245276,192.0,38,738.842105263158,327.0,漫画
鉄腕アトム,2020-11-17,6,574.16666666666663,427.0,4,6048.5,3152.0,,,,漫画
境界の彼方,2013-09-05,26,190.92307692307693,150.5,19,123.21052631578947,95.0,,,,ライトノベル
異世界はスマートフォンとともに。,2023-05-03,15,179.20000000000002,168.0,243,658.45679012345693,513.0,,,,ライトノベル
同居人はひざ、時々、頭のうえ。,2018-11-11,26,477.96153846153851,315.0,9,537.0,428.0,,,,漫画
HUNTER×HUNTER,2020-09-14,2,1853.0,1853.0,38,310.0,124.0,2,656.0,656.0,漫画
アイドールズ!,2021-01-08,5,41.6,36.0,74,34.662162162162147,18.5,,,,アニメ
ロウきゅーぶ!,2011-07-12,15,30.4,18.0,30,40.199999999999996,28.5,,,,ライトノベル
幸腹グラフィティ,2014-12-30,33,111.57575757575758,96.0,118,67.499999999999986,30.0,,,,漫画
モンスター娘のいる日常,2015-07-08,16,143.3125,129.0,74,141.64864864864867,72.0,,,,漫画
悪役令嬢なのでラスボスを飼ってみました,2022-10-27,2,599.0,599.0,6,162.5,131.0,28,772.96428571428567,246.0,ライトノベル
となりの吸血鬼さん,2018-05-26,4,222.25,113.5,4,331.75,289.5,,,,漫画
中間管理録トネガワ,2018-08-22,6,176.33333333333331,135.0,53,873.8679245283015,305.0,1,211.0,211.0,漫画
ウィッチクラフトワークス,2014-01-13,27,15.888888888888891,14.0,81,19.679012345679013,11.0,,,,漫画
攻殻機動隊,2014-06-10,32,46.000000000000007,35.5,74,76.486486486486484,41.0,,,,漫画
ダーウィンズゲーム,2020-01-04,31,736.70967741935476,527.0,67,421.34328358208967,246.0,7,252.0,177.0,漫画
この音とまれ!,2019-04-21,27,892.66666666666663,715.0,75,3063.76,1828.0,,,,漫画
DAYS,2016-06-08,16,443.62500000000006,226.0,29,253.00000000000003,158.0,,,,漫画
ぽっこりーず,2020-06-12,5,579.0,517.0,90,684.01111111111106,610.5,36,28.277777777777779,25.5,アニメ
てーきゅう,2012-11-18,70,22.857142857142858,24.0,870,11.70114942528736,9.0,,,,漫画
大図書館の羊飼い,2014-09-25,22,55.5,54.5,12,209.58333333333334,154.0,,,,ゲーム
ゆるゆり,2011-06-12,264,41.469696969696983,21.0,116,26.793103448275861,14.0,,,,漫画
ツルネ -風舞高校弓道部-,2018-09-07,330,878.45454545454538,555.5,145,2633.2068965517233,1222.0,,,,ライトノベル
ヴィンランド・サガ,2019-06-16,20,244.1,209.5,60,776.30000000000007,294.5,,,,漫画
推しが武道館いってくれたら死ぬ,2019-11-28,12,631.50000000000011,563.5,23,1135.7826086956522,295.0,,,,漫画
うらら迷路帖,2017-01-13,29,631.86206896551721,518.0,44,458.8636363636362,380.0,,,,漫画
若おかみは小学生!,2018-04-20,10,97.3,72.0,4,121.0,88.5,,,,ライトノベル
ネプテューヌ,2013-02-28,63,22.555555555555557,18.0,140,50.0,32.5,,,,ゲーム
少年メイド,2016-03-09,18,390.83333333333337,308.5,62,177.62903225806457,95.0,,,,漫画
異世界おじさん,2021-12-24,2,405.5,405.5,7,408.00000000000006,493.0,10,258.19999999999993,151.5,漫画
とんでもスキルで異世界放浪メシ,2022-12-08,4,582.0,574.0,25,2857.6000000000004,1858.0,,,,ライトノベル
浦安鉄筋家族,2020-05-23,4,680.5,388.0,97,700.20618556701015,364.0,,,,漫画
ひとりぼっちの○○生活,2019-01-16,3,250.0,260.0,7,415.71428571428578,235.0,,,,漫画
ダイヤのA,2013-09-07,78,135.56410256410257,114.0,14,441.42857142857144,77.0,,,,漫画
亜人,2015-11-02,32,433.5625,308.5,188,204.46808510638294,101.5,,,,漫画
賢者の弟子を名乗る賢者,2021-11-05,5,285.2,274.0,5,2401.2,1792.0,7,685.85714285714289,353.0,ライトノベル
可愛いだけじゃない式守さん,2022-03-26,46,1636.717391304348,935.5,165,3488.5393939393944,2105.0,87,2712.5517241379307,2662.0,漫画
るろうに剣心,2022-12-14,4,899.5,899.5,12,39368.0,18140.5,,,,漫画
革命機ヴァルヴレイヴ,2013-04-19,44,92.454545454545439,67.0,132,92.424242424242465,46.5,,,,アニメ
トリコ,2023-02-13,4,359.75,338.5,62,497.08064516129014,235.0,,,,漫画
結城友奈は勇者である,2014-10-17,31,324.64516129032262,267.0,62,155.32258064516122,83.5,,,,アニメ
ハイキュー!!,2012-11-20,16,89.5,89.5,240,234.3,135.5,,,,漫画
残響のテロル,2014-04-26,9,79.777777777777771,66.0,11,123.45454545454545,81.0,,,,アニメ
裏世界ピクニック,2021-04-07,1,363.0,363.0,112,1001.3124999999998,715.0,23,739.65217391304338,230.0,ライトノベル
ダンベル何キロ持てる?,2019-07-03,40,871.375,648.0,47,663.70212765957444,290.0,7,1314.0,504.0,漫画
いわかける! -Climbing Girls-,2020-11-17,2,71.5,71.5,66,288.60606060606068,235.0,,,,漫画
宇宙パトロールルル子,2016-04-08,39,115.92307692307692,71.0,61,211.78688524590166,95.0,,,,アニメ
ワンダーエッグ・プライオリティ,2021-01-13,25,1083.48,918.0,13,1098.1538461538462,760.0,,,,アニメ
銀魂,2013-03-23,24,827.00000000000011,752.0,280,230.48571428571429,138.0,,,,漫画
新米錬金術師の店舗経営,2022-10-27,10,335.9,354.5,7,1075.8571428571429,949.0,11,477.36363636363632,290.0,ライトノベル
GREAT PRETENDER,2020-05-29,15,254.60000000000002,226.0,2,150.5,150.5,,,,アニメ
迷宮ブラックカンパニー,2021-07-09,12,112.50000000000001,115.0,20,204.74999999999997,139.0,,,,漫画
山田くんとLv999の恋をする,2020-09-07,20,315.40000000000003,290.0,96,324.62499999999989,252.0,,,,漫画
シドニアの騎士,2014-03-22,24,56.791666666666671,53.0,6,17.333333333333332,4.5,,,,漫画
あまんちゅ!,2016-03-15,10,646.4,801.0,6,1296.6666666666667,859.0,,,,漫画
ハコヅメ 〜交番女子の逆襲〜,2022-01-05,5,217.4,224.0,88,425.85227272727269,331.5,,,,漫画
つぐもも,2017-04-03,28,97.571428571428569,88.0,194,79.298969072165008,40.0,,,,漫画
ReLIFE,2016-05-27,13,333.61538461538458,252.0,18,766.3888888888888,357.0,,,,漫画
すばらしきこのせかい,2021-03-01,12,909.00000000000011,728.0,32,2105.8437499999995,976.0,53,3498.9056603773597,2148.0,ゲーム
BEASTARS,2019-08-06,21,3426.4285714285716,2210.0,9,4280.333333333333,3467.0,3,14575.0,14575.0,漫画
球詠,2019-09-26,2,241.0,241.0,17,451.41176470588243,74.0,,,,漫画
RWBY,2022-03-25,1,1427.0,1427.0,3,5738.3333333333339,1715.0,,,,アニメ
おくさまが生徒会長!,2015-08-14,26,22.61538461538461,19.0,410,36.063414634146348,21.0,,,,漫画
プリンセス・プリンシパル,2017-06-12,55,567.309090909091,397.0,17,280.41176470588238,276.0,,,,アニメ
ゆゆ式,2013-03-03,17,52.999999999999993,35.0,80,20.725000000000005,11.0,,,,漫画
ギルティクラウン,2011-08-12,9,34.333333333333336,34.0,18,25.888888888888886,16.5,,,,アニメ
ちはやふる,2011-11-01,24,29.000000000000011,12.0,75,44.199999999999996,33.0,,,,漫画
アクダマドライブ,2020-10-08,113,368.30973451327435,202.0,74,418.93243243243251,203.0,28,884.99999999999966,453.0,アニメ
ネコぱら,2019-12-12,13,295.46153846153845,260.0,11,760.4545454545455,351.0,10,1020.8000000000002,537.5,ゲーム
鬼斬,2016-04-11,7,47.714285714285715,40.0,16,194.375,118.0,,,,ゲーム
ハッピーシュガーライフ,2018-05-10,13,551.00000000000011,480.0,36,731.861111111111,405.5,,,,漫画
寄生獣,2014-09-19,6,81.333333333333329,61.0,12,254.33333333333334,165.0,,,,漫画
がっこうぐらし!,2015-06-26,75,650.30666666666673,347.0,43,192.81395348837211,155.0,,,,漫画
歌舞伎町シャーロック,2019-10-11,28,216.82142857142858,184.5,57,534.24561403508767,283.0,,,,アニメ
デカダンス,2020-07-30,8,522.37499999999989,467.5,104,272.22115384615381,147.0,,,,アニメ
俺を好きなのはお前だけかよ,2019-10-03,48,898.70833333333348,647.5,156,406.79487179487182,192.0,7,381.71428571428572,121.0,ライトノベル
魔法使い黎明期,2022-04-08,10,82.100000000000009,65.0,44,219.81818181818178,114.0,9,248.88888888888889,122.0,ライトノベル
NARUTO -ナルト-,2021-12-18,2,1095.0,1095.0,58,3254.7241379310349,1116.0,62,1247.5806451612902,1162.0,漫画
終末のワルキューレ,2022-11-14,6,1396.0,1396.0,42,669.42857142857122,500.5,,,,漫画
胡蝶綺 〜若き信長〜,2019-03-24,7,55.428571428571431,43.0,12,136.41666666666666,117.5,,,,アニメ
うたの☆プリンスさまっ♪,2020-02-03,3,12778.0,11630.0,23,9763.826086956522,6179.0,,,,ゲーム
【推しの子】,2021-03-04,6,1173.5,1173.5,54,1130.3333333333335,1091.5,60,950.85,565.0,漫画
かげきしょうじょ!,2021-06-27,10,758.5,523.0,37,670.56756756756749,414.0,24,399.41666666666669,77.5,漫画
あんさんぶるスターズ!,2019-06-17,76,4114.75,2688.5,15,16927.733333333337,18797.0,,,,ゲーム
モンスター娘のお医者さん,2020-06-10,29,187.06896551724134,61.0,33,325.27272727272725,192.0,18,289.05555555555566,113.0,ライトノベル
弱虫ペダル,2013-04-10,20,72.25,45.5,10,5.5,5.5,,,,漫画
創聖のアクエリオン,2011-11-10,42,30.142857142857146,21.0,52,21.153846153846157,11.0,16,61.125000000000014,29.0,アニメ
勇者、辞めます,2022-04-05,12,153.91666666666666,126.0,49,397.46938775510205,179.0,10,333.59999999999997,123.0,ライトノベル
乱歩奇譚 Game of Laplace,2015-07-10,27,308.51851851851859,242.0,101,167.13861386138618,110.0,,,,アニメ
恋と嘘,2017-04-21,6,954.33333333333326,866.5,26,312.92307692307696,220.0,,,,漫画
血界戦線,2015-02-04,42,959.28571428571422,198.0,228,187.37719298245628,78.5,,,,漫画
アクセル・ワールド,2011-12-09,24,6.3333333333333339,6.0,52,10.307692307692307,7.0,,,,ライトノベル
灼熱カバディ,2021-04-03,4,525.0,505.5,46,1331.6739130434785,937.5,17,2587.3529411764707,1195.0,漫画
銀河機攻隊 マジェスティックプリンス,2013-03-28,31,55.096774193548384,36.0,99,8.9090909090909065,4.0,,,,アニメ
ノー・ガンズ・ライフ,2019-10-16,14,280.57142857142856,276.0,64,189.5,108.0,,,,漫画
さんかく窓の外側は夜,2021-09-17,43,569.55813953488382,488.0,28,743.5,406.0,,,,漫画
蒼き鋼のアルペジオ,2013-07-28,41,32.951219512195124,21.0,21,35.38095238095238,13.0,,,,漫画
アルテ,2020-02-25,10,279.3,182.5,41,294.87804878048786,128.0,8,343.37499999999994,245.0,漫画
Code:Realize,2017-08-02,43,478.93023255813944,399.0,24,1310.3333333333333,1332.0,,,,ゲーム
波よ聞いてくれ,2020-03-09,4,188.75,180.0,42,206.90476190476193,119.0,,,,漫画
うちの娘の為ならば、俺はもしかしたら魔王も倒せるかもしれない。,2019-03-20,1,839.0,839.0,4,1795.25,801.5,,,,ライトノベル
あの日見た花の名前を僕達はまだ知らない。,2011-02-23,36,16.444444444444446,15.0,6,12.0,9.0,,,,アニメ
宇宙戦艦ティラミス,2018-03-23,34,195.44117647058823,91.0,33,351.93939393939388,150.0,,,,漫画
ベルゼブブ嬢のお気に召すまま。,2018-08-15,19,261.47368421052636,193.0,6,747.33333333333337,523.0,,,,漫画
不滅のあなたへ,2021-04-26,4,686.0,686.0,116,1020.9310344827586,348.0,64,591.0625,388.5,漫画
宝石の国,2017-10-07,35,2736.0,1962.0,99,1914.7474747474746,1542.0,,,,漫画
BNA ビー・エヌ・エー,2020-01-31,5,601.8,325.0,6,2010.0000000000002,805.5,,,,アニメ
弱キャラ友崎くん,2020-09-30,5,429.4,327.0,12,426.91666666666663,380.5,6,2848.5,1463.0,ライトノベル
先輩がうざい後輩の話,2021-02-06,3,463.33333333333337,402.0,11,1527.090909090909,964.0,4,10812.0,1495.5,漫画
かくしごと,2020-03-03,27,780.74074074074076,578.0,88,943.65909090909076,299.0,,,,漫画
ジャヒー様はくじけない!,2021-08-01,5,1622.6,1553.0,34,1408.4705882352941,636.5,,,,漫画
おかしなさばくのスナとマヌ,2021-02-11,1,143.0,143.0,7,48.571428571428569,47.0,,,,漫画
魔法少女 俺,2018-03-16,14,594.57142857142856,583.5,22,1102.2727272727273,855.5,,,,漫画
魔弾の王と戦姫,2014-09-05,10,48.9,40.5,37,60.972972972972983,34.0,,,,ライトノベル
はじめてのギャル,2017-06-23,128,200.484375,124.0,36,242.69444444444446,122.0,,,,漫画
ベルセルク,2023-04-14,3,922.0,922.0,18,663.66666666666663,578.0,18,564.83333333333337,516.5,漫画
ビッグオーダー,2016-04-21,14,33.357142857142861,16.5,17,76.705882352941188,18.0,,,,漫画
蟲師,2014-01-23,63,508.11111111111114,332.0,133,752.263157894737,305.0,,,,漫画
四月は君の嘘,2014-08-11,21,159.85714285714289,132.0,48,113.04166666666664,63.5,14,14.857142857142856,14.5,漫画
山田くんと7人の魔女,2014-08-01,6,41.0,35.0,38,67.973684210526329,38.5,,,,漫画
彼女、お借りします,2020-06-13,36,1391.4999999999995,976.5,351,3929.6923076923063,2761.0,180,4745.3833333333405,1249.0,漫画
灼熱の卓球娘,2016-10-04,23,485.04347826086973,433.0,105,78.399999999999991,17.0,,,,漫画
蜘蛛ですが、なにか?,2021-01-08,22,209.81818181818184,137.0,116,388.99999999999989,165.0,10,716.4,526.0,ライトノベル
王室教師ハイネ,2017-01-25,36,773.52777777777749,824.5,7,564.71428571428578,349.0,,,,漫画
灰と幻想のグリムガル,2016-01-11,47,342.63829787234044,276.0,98,187.13265306122437,96.0,,,,ライトノベル
サクラダリセット,2017-04-06,41,104.97560975609753,75.0,76,375.86842105263145,135.5,,,,ライトノベル
ひそねとまそたん,2018-04-04,8,819.625,682.0,40,740.82500000000016,136.5,,,,アニメ
4人はそれぞれウソをつく,2022-07-30,5,159.8,84.0,9,80.999999999999986,54.0,,,,漫画
夜桜四重奏 〜ヨザクラカルテット〜,2013-06-26,4,144.0,142.5,11,125.27272727272727,84.0,,,,漫画
聖女の魔力は万能です,2021-04-06,30,522.76666666666665,375.5,71,677.05633802816908,498.0,,,,ライトノベル
テレビ野郎 ナナーナ,2019-07-01,9,199.66666666666669,40.0,68,86.102941176470566,55.0,,,,アニメ
食戟のソーマ,2015-03-20,606,227.92079207920796,172.0,342,160.36842105263156,95.0,,,,漫画
ブブキ・ブランキ,2016-01-27,14,94.142857142857139,61.5,89,33.752808988764059,9.0,,,,アニメ
ゾンビランドサガ,2018-10-05,58,3247.48275862069,1949.0,100,458.40000000000026,166.5,,,,アニメ
はるかなレシーブ,2018-07-06,8,540.0,557.0,28,445.78571428571433,390.5,8,477.12500000000006,435.5,漫画
リコリス・リコイル,2022-07-02,55,6962.0909090909072,4197.0,86,816.686046511628,361.5,3,5830.0,2986.0,アニメ
僕の彼女がマジメ過ぎるしょびっちな件,2017-09-07,86,117.02325581395348,101.0,21,211.14285714285717,109.0,,,,漫画
あひるの空,2019-08-21,5,693.0,488.0,21,3225.333333333333,1120.0,,,,漫画
Aチャンネル,2011-04-14,7,21.428571428571431,18.0,7,16.571428571428569,12.0,,,,漫画
ダンス・ダンス・ダンスール,2022-04-16,8,271.25,189.0,22,1394.909090909091,446.0,3,191.0,184.0,漫画
スカーレッドライダーゼクス,2016-05-01,25,314.28,145.0,45,1136.2444444444443,789.0,,,,ゲーム
セイレン,2016-11-25,13,300.53846153846155,180.0,4,990.50000000000011,732.5,,,,アニメ
カッコウの許嫁,2020-02-07,4,953.75,946.0,5,1036.8,528.0,,,,漫画
ましろのおと,2016-12-27,1,41.0,41.0,5,66.8,67.0,7,97.714285714285722,65.0,漫画
エロマンガ先生,2017-01-31,16,1411.25,1099.0,17,1012.6470588235293,704.0,,,,ライトノベル
回復術士のやり直し,2021-01-13,12,272.83333333333331,289.5,22,238.36363636363635,163.5,3,558.33333333333337,747.0,ライトノベル
魔法少女サイト,2018-03-16,41,318.31707317073176,246.0,75,459.12,186.0,,,,漫画
てっぺんっ!!!,2022-04-25,7,354.71428571428567,204.0,64,774.20312500000011,451.0,,,,漫画
へんたつ,2019-08-09,3,7670.333333333333,6189.0,12,42342.333333333336,22529.0,25,8679.36,6724.0,アニメ
ハナビちゃんは遅れがち,2022-07-11,1,86.0,86.0,34,402.73529411764707,217.0,29,83.137931034482762,46.0,漫画
陰の実力者になりたくて!,2022-03-26,1,518.0,518.0,6,2152.166666666667,1700.5,,,,ライトノベル
うちの師匠はしっぽがない,2022-11-09,12,219.91666666666666,178.0,28,292.8214285714285,269.5,21,1404.6666666666665,267.0,漫画
半妖の夜叉姫,2020-10-24,6,2568.666666666667,2567.0,148,4858.2567567567576,2987.0,,,,アニメ
スーパーカブ,2021-04-28,1,972.0,972.0,22,1089.9545454545453,370.5,,,,ライトノベル
アニメガタリ,2017-08-04,23,82.217391304347828,70.0,230,48.347826086956545,22.0,,,,アニメ
NEW GAME!,2016-04-15,15,363.2,318.0,20,1133.9999999999998,712.5,,,,漫画
メダロット,2022-10-05,51,121.94117647058827,108.0,111,107.86486486486486,85.0,,,,ゲーム
中華一番!,2021-01-11,3,83.0,83.0,123,200.97560975609758,111.0,,,,漫画
ホットロード,2014-05-13,25,522.07999999999981,390.0,32,759.21875,582.0,,,,漫画
ゴブリンスレイヤー,2017-11-27,1,93.0,93.0,2,115.5,115.5,,,,ライトノベル
青春×機関銃,2015-06-06,36,629.38888888888891,265.0,58,213.9655172413793,160.0,,,,漫画
Fairy蘭丸 〜あなたの心お助けします〜,2021-02-19,25,399.59999999999997,242.0,14,1392.5,824.5,,,,アニメ
イジらないで、長瀞さん,2020-03-07,9,117.33333333333333,94.0,12,93.25,97.0,,,,漫画
ツンデレ悪役令嬢リーゼロッテと実況の遠藤くんと解説の小林さん,2022-10-06,1,1983.0,1983.0,33,517.09090909090924,202.0,,,,ライトノベル
死神坊ちゃんと黒メイド,2021-07-04,456,526.90789473684231,442.0,528,864.21590909090833,480.0,,,,漫画
空挺ドラゴンズ,2020-01-27,2,345.0,345.0,101,208.42574257425733,106.0,,,,漫画
恋は雨上がりのように,2018-01-19,7,607.85714285714289,611.0,50,1241.7400000000002,529.0,,,,漫画
キリングバイツ,2017-12-16,3,116.66666666666666,73.0,21,267.57142857142856,94.0,,,,漫画
可愛ければ変態でも好きになってくれますか?,2019-06-24,14,506.57142857142856,479.5,33,1053.121212121212,999.0,,,,ライトノベル
逆転世界ノ電池少女,2021-09-10,1,181.0,181.0,8,572.25,431.0,,,,アニメ
プリキュアシリーズ,2021-04-18,40,405.4,473.0,328,891.60975609756076,742.0,,,,アニメ
ノーゲーム・ノーライフ,2014-03-31,34,156.5588235294118,118.5,63,38.888888888888886,25.0,17,30.294117647058815,17.0,ライトノベル
魔王学院の不適合者,2020-07-05,42,1510.1428571428571,1291.5,18,1541.1666666666667,1198.5,10,1171.3000000000002,872.5,ライトノベル
いたずらぐまのグル〜ミ〜,2020-12-28,12,130.33333333333337,61.0,1,99.0,99.0,,,,アニメ
競女!!!!!!!!,2016-09-21,40,171.95,53.0,17,93.588235294117652,81.0,,,,漫画
東京24区,2021-12-24,41,336.34146341463418,283.0,25,1736.08,1030.0,,,,アニメ
のりものまん モービルランドのカークン,2020-09-17,3,52.666666666666671,63.0,59,33.813559322033875,32.0,13,118.53846153846155,48.0,アニメ
桜Trick,2013-12-29,41,139.95121951219519,99.0,17,312.35294117647061,196.0,,,,漫画
プランダラ,2019-11-15,2,556.0,556.0,6,1057.3333333333333,581.5,,,,漫画
いぬやしき,2017-10-13,2,250.5,250.5,60,481.11666666666679,213.0,2,4027.5,4027.5,漫画
ストライク・ザ・ブラッド,2013-10-11,40,97.09999999999998,39.0,84,17.571428571428577,12.0,,,,ライトノベル
Extreme Hearts,2022-07-10,3,225.0,230.0,29,197.68965517241378,163.0,,,,アニメ
ねこねこ日本史,2016-10-18,42,59.285714285714292,56.0,246,73.048780487804848,65.0,156,55.423076923076941,25.5,漫画
無限の住人,2020-01-15,5,132.0,102.0,45,527.93333333333328,384.0,,,,漫画
平穏世代の韋駄天達,2021-06-11,23,321.08695652173913,295.0,13,588.30769230769238,238.0,3,395.0,158.0,漫画
LISTENERS リスナーズ,2020-03-23,5,177.39999999999998,146.0,48,384.75000000000006,114.5,5,817.0,426.0,アニメ
妖狐×僕SS,2012-01-20,4,95.0,66.0,55,39.272727272727273,14.0,,,,漫画
暁のヨナ,2014-08-06,6,157.0,157.5,5,149.2,117.0,,,,漫画
イエスタデイをうたって,2020-04-04,5,406.6,476.0,158,364.85443037974687,166.0,,,,漫画
薔薇王の葬列,2021-12-03,106,161.49056603773585,118.0,29,1304.5862068965516,675.0,1,98.0,98.0,漫画
ミニスカ宇宙海賊,2012-01-11,14,12.571428571428573,14.0,378,7.6613756613756587,5.0,,,,ライトノベル
月刊少女野崎くん,2014-05-15,68,288.33823529411757,75.5,39,630.61538461538453,155.0,,,,漫画
世界征服 〜謀略のズヴィズダー〜,2014-01-11,22,68.954545454545467,55.0,15,82.199999999999989,65.0,,,,アニメ
スペース☆ダンディ,2013-12-04,56,47.857142857142861,40.0,94,47.829787234042549,26.0,,,,アニメ
装神少女まとい,2016-08-11,34,74.470588235294116,46.0,39,40.666666666666664,21.0,,,,アニメ
コジコジ,2011-07-20,2,29.5,29.5,90,7.4666666666666668,5.0,46,0.71739130434782616,0.0,漫画
寄宿学校のジュリエット,2018-08-10,20,1431.85,799.0,32,1529.4375,1180.5,,,,漫画
でーじミーツガール,2021-09-13,4,109.75,86.5,13,310.92307692307691,284.0,,,,アニメ
ガンスリンガー ストラトス,2014-06-27,13,31.153846153846157,17.0,141,43.744680851063819,23.0,,,,ゲーム
幼なじみが絶対に負けないラブコメ,2020-06-10,7,1582.8571428571429,546.0,16,1901.1874999999998,1669.5,,,,ライトノベル
DOG DAYS,2012-07-15,6,37.0,25.0,5,100.80000000000001,59.0,,,,アニメ
CUE!,2022-01-07,2,1086.0,1086.0,70,817.94285714285706,560.0,,,,ゲーム
ばらかもん,2014-05-20,14,352.42857142857144,214.5,17,439.70588235294116,232.0,,,,漫画
女神のカフェテラス,2021-05-28,12,232.66666666666666,205.0,488,348.8524590163936,318.0,,,,漫画
ドロヘドロ,2020-01-13,10,771.9,546.0,25,2330.52,1273.0,,,,漫画
ルパン三世,2015-05-28,15,321.33333333333331,115.0,35,207.71428571428567,59.0,,,,漫画
少年のアビス,2022-01-14,23,372.34782608695662,351.0,23,413.95652173913044,305.0,37,398.05405405405406,257.0,漫画
宇宙兄弟,2012-04-10,1,46.0,46.0,65,36.92307692307692,19.0,,,,漫画
七つの大罪,2017-01-27,31,93.645161290322577,72.0,29,113.0,70.0,,,,漫画
このヒーラー、めんどくさい,2022-03-27,10,537.60000000000014,560.0,7,703.57142857142856,517.0,,,,漫画
この勇者が俺TUEEEくせに慎重すぎる,2019-10-03,12,278.16666666666669,248.0,59,187.15254237288138,60.0,,,,ライトノベル
とんかつDJアゲ太郎,2015-08-04,1,85.0,85.0,23,83.782608695652172,66.0,,,,漫画
不徳のギルド,2022-09-12,6,389.83333333333337,313.0,16,178.4375,100.5,4,530.75,28.0,漫画
时光代理人,2022-01-09,35,932.14285714285722,601.0,40,2599.325,1024.0,,,,アニメ
博多豚骨ラーメンズ,2017-09-10,7,278.71428571428572,231.0,21,442.33333333333326,160.0,,,,ライトノベル
MAJOR,2018-04-24,12,140.74999999999997,144.0,180,312.33333333333331,140.0,,,,漫画
風夏,2016-12-27,38,332.44736842105266,320.5,19,316.4736842105263,199.0,,,,漫画
コードギアス,2021-10-09,5,894.2,606.0,97,1833.9381443298964,1455.0,67,1004.4776119402985,794.0,アニメ
アオのハコ,2021-12-16,1,4874.0,4874.0,29,3948.4482758620693,3363.0,,,,漫画
虹色デイズ,2015-12-17,15,784.06666666666672,578.0,30,868.36666666666656,515.5,,,,漫画
異世界食堂,2017-07-04,21,268.42857142857144,191.0,37,309.27027027027032,151.0,,,,ライトノベル
暗殺教室,2014-07-14,93,146.12903225806457,97.0,15,423.0,332.0,,,,漫画
八十亀ちゃんかんさつにっき,2018-08-26,8,159.0,159.0,292,450.56164383561611,359.0,,,,漫画
未来日記,2016-04-21,14,33.357142857142861,16.5,17,76.705882352941174,18.0,,,,漫画
薄桜鬼,2010-04-09,7,6.1428571428571432,5.0,11,1.9090909090909092,1.0,,,,ゲーム
ローリング☆ガールズ,2014-12-22,32,92.874999999999986,52.0,24,65.458333333333343,46.5,,,,アニメ
オッドタクシー,2021-03-20,19,743.21052631578948,332.0,37,647.945945945946,164.0,,,,アニメ
警視庁 特務部 特殊凶悪犯対策室 第七課 -トクナナ-,2019-08-07,28,313.17857142857139,249.0,27,152.51851851851856,138.0,,,,アニメ
世界一初恋,2011-04-10,22,32.818181818181813,25.5,21,18.238095238095237,7.0,,,,漫画
からくりサーカス,2018-11-28,1,78.0,78.0,110,1975.5909090909095,1014.0,34,1136.205882352941,707.5,漫画
盾の勇者の成り上がり,2019-01-10,14,608.0,605.0,102,250.31372549019605,188.0,,,,ライトノベル
うらみちお兄さん,2021-08-20,4,4657.0,3749.5,67,5046.6865671641781,3542.0,9,7888.8888888888887,3997.0,漫画
だがしかし,2015-12-06,52,791.59615384615415,351.5,81,459.01234567901253,135.0,,,,漫画
異世界魔王と召喚少女の奴隷魔術,2018-03-24,20,86.3,41.0,20,91.8,12.5,,,,ライトノベル
るろうに剣心,2022-12-14,4,899.5,899.5,12,39368.0,18140.5,,,,ゲーム
幕末Rock,2014-02-20,2,122.0,122.0,119,97.05882352941174,43.0,,,,ゲーム
海月姫,2014-07-03,1,557.0,557.0,43,187.79069767441857,117.0,,,,漫画
恋する小惑星,2019-11-28,18,577.11111111111109,534.0,17,1630.2352941176473,1228.0,3,1267.0,761.0,漫画
ラグナストライクエンジェルズ,2016-11-09,16,35.999999999999993,15.0,15,200.86666666666665,170.0,97,142.63917525773189,72.0,ゲーム
蒼穹のファフナー,2014-11-15,87,193.9655172413793,170.0,288,213.27083333333337,125.5,42,528.00000000000011,254.0,アニメ
私がモテないのはどう考えてもお前らが悪い!,2013-04-04,4,51.25,31.5,12,25.583333333333332,10.5,,,,漫画
ゼロから始める魔法の書,2017-03-24,9,304.66666666666669,243.0,7,189.14285714285714,178.0,,,,ライトノベル
異能バトルは日常系のなかで,2014-09-12,9,65.0,48.0,84,48.6547619047619,21.0,,,,ライトノベル
大正処女御伽話,2021-10-09,10,559.2,492.5,130,589.0692307692309,464.0,15,1187.4,875.0,漫画
ニル・アドミラリの天秤,2017-10-10,1,3570.0,3570.0,12,1572.25,1054.5,,,,ゲーム
D CIDE TRAUMEREI,2021-05-28,7,200.85714285714286,169.0,98,245.55102040816331,124.5,,,,アニメ
落第騎士の英雄譚,2015-10-20,183,81.792349726775925,61.0,205,29.882926829268293,17.0,10,31.8,22.5,ライトノベル
ブルーロック,2019-01-08,1,92.0,92.0,43,55.465116279069761,42.0,1,41.0,41.0,漫画
異世界薬局,2022-06-29,10,152.79999999999998,128.5,26,235.11538461538461,116.5,,,,ライトノベル
くまクマ熊ベアー,2023-03-07,16,390.625,415.5,56,999.39285714285677,333.5,,,,ライトノベル
花咲くいろは,2011-04-04,10,22.1,21.5,35,12.942857142857141,7.0,,,,アニメ
俺だけ入れる隠しダンジョン,2020-12-27,6,230.0,190.5,24,365.45833333333337,190.0,17,180.99999999999997,67.0,ライトノベル
バクテン!!,2021-04-09,17,1440.5882352941176,818.0,86,1002.7441860465118,837.0,,,,アニメ
ぐらんぶる,2018-07-06,29,856.89655172413791,463.0,72,1254.1805555555552,722.5,,,,漫画
解体屋ゲン,2022-02-07,1,26.0,26.0,91,13.703296703296704,8.0,,,,漫画
老後に備えて異世界で8万枚の金貨を貯めます,2023-01-08,1,256.0,256.0,17,653.47058823529414,460.0,2,534.0,534.0,ライトノベル
坂本ですが?,2016-03-11,63,341.58730158730168,220.0,42,300.30952380952385,47.5,,,,漫画
刀使ノ巫女,2017-07-21,3,41.666666666666664,25.0,17,424.64705882352939,301.0,,,,アニメ
怪盗ジョーカー,2015-03-26,60,107.33333333333337,84.0,70,77.000000000000028,67.0,,,,漫画
魔界王子 devils and realist,2013-07-08,26,116.42307692307692,96.5,151,197.046357615894,43.0,,,,漫画
戦闘員、派遣します!,2021-03-12,6,495.83333333333331,446.5,12,1185.6666666666665,1043.5,,,,ライトノベル
モンスターハンター,2016-10-02,60,65.15,18.0,207,209.21739130434787,50.0,,,,ゲーム
群青のファンファーレ,2022-03-06,38,361.28947368421052,244.0,94,765.23404255319144,201.5,5,273.2,247.0,アニメ
宝石商リチャード氏の謎鑑定,2019-11-01,14,966.71428571428589,475.0,16,3552.0,1815.5,,,,ライトノベル
Dance with Devils,2015-07-30,34,329.41176470588243,214.5,140,172.57142857142853,80.0,,,,アニメ
精霊使いの剣舞,2014-03-18,4,85.75,82.0,10,29.5,24.0,,,,ライトノベル
私、能力は平均値でって言ったよね!,2019-09-26,5,251.2,253.0,55,270.92727272727274,171.0,,,,ライトノベル
ハイスコアガール,2018-08-04,37,464.48648648648646,132.0,127,360.07086614173232,153.0,,,,漫画
織田シナモン信長,2019-12-03,17,599.05882352941171,485.0,55,798.19999999999993,478.0,,,,漫画
天才バカボン,2018-06-15,32,313.43750000000006,311.0,32,906.68750000000023,707.0,,,,漫画
RE-MAIN,2021-06-11,16,800.75,750.0,7,5840.7142857142853,8161.0,,,,アニメ
ちみも,2022-04-28,23,189.34782608695653,110.0,32,313.78124999999994,239.0,,,,アニメ
戦翼のシグルドリーヴァ,2020-10-03,55,612.80000000000007,488.0,81,549.18518518518533,398.0,22,571.681818181818,340.0,アニメ
邪神ちゃんドロップキック,2018-01-12,36,142.50000000000006,68.5,273,35.076923076923045,11.0,,,,漫画
Sonny Boy,2021-06-19,45,181.48888888888885,150.0,6,721.33333333333337,385.5,,,,アニメ
ユーレイデコ,2022-06-09,33,24.757575757575754,20.0,22,71.8181818181818,32.5,,,,アニメ
シュート!,2022-08-06,5,151.0,119.0,125,219.76800000000003,76.0,9,466.11111111111109,102.0,漫画
堀さんと宮村くん,2021-01-10,59,2862.8305084745766,2136.0,78,3465.3717948717963,1475.0,,,,漫画
えとたま,2015-02-18,51,115.78431372549019,85.0,102,108.35294117647059,60.0,,,,アニメ
メンズ校,2020-10-05,7,5851.0000000000009,6310.0,35,11923.571428571429,8697.0,2,17380.5,17380.5,漫画
アホガール,2017-06-09,22,591.13636363636363,481.5,15,676.93333333333317,117.0,,,,漫画
おにぱん!,2022-04-14,11,283.81818181818187,165.0,35,475.68571428571425,394.0,,,,アニメ
GIANT KILLING,2011-01-04,1,4.0,4.0,257,2.3268482490272371,1.0,,,,漫画
犬夜叉,2020-10-24,6,2568.666666666667,2567.0,148,4858.2567567567567,2987.0,,,,漫画
やくならマグカップも,2021-03-31,8,299.99999999999994,178.0,52,353.00000000000006,327.5,8,618.5,492.5,漫画
IVY THE KIWI?,2020-08-26,7,275.14285714285711,124.0,21,893.28571428571422,543.0,,,,ゲーム
のんのんびより,2020-10-27,48,346.43749999999989,285.0,24,7896.625,4691.5,27,1776.4444444444443,1440.0,漫画
かつて神だった獣たちへ,2019-05-31,6,169.66666666666666,161.5,42,200.52380952380952,130.5,,,,漫画
ステラのまほう,2016-07-13,10,234.1,168.5,29,258.0344827586207,106.0,17,160.64705882352945,23.0,漫画
ムヒョとロージーの魔法律相談事務所,2018-07-17,48,693.62499999999989,340.0,372,1285.9838709677417,303.5,,,,漫画
じみへんっ!! 〜地味子を変えちゃう純異性交遊〜,2019-04-08,10,52.5,51.0,12,127.5,62.5,,,,漫画
ビビッドレッド・オペレーション,2013-01-13,108,24.416666666666664,15.0,261,36.88122605363985,22.0,49,9.1428571428571441,4.0,アニメ
ディーふらぐ!,2014-01-11,14,59.928571428571431,50.5,50,53.14,30.0,,,,漫画
オリエント,2021-12-03,5,317.0,317.0,290,1158.8275862068958,751.0,,,,漫画
東京卍リベンジャーズ,2020-06-25,3,1305.0,1305.0,183,3823.852459016392,2033.0,,,,漫画
田中くんはいつもけだるげ,2016-03-17,42,678.95238095238108,501.0,25,1344.32,525.0,,,,漫画
異世界かるてっと,2019-03-07,18,1062.4444444444446,1139.0,4,1786.0,1786.0,,,,アニメ
僕のヒーローアカデミア,2015-08-09,27,444.66666666666669,404.0,270,338.86666666666679,237.0,,,,漫画
新妹魔王の契約者,2014-11-25,46,137.99999999999997,48.0,18,88.555555555555557,55.0,,,,ライトノベル
ノラガミ,2013-10-07,26,124.23076923076923,116.0,66,80.545454545454561,25.0,,,,漫画
おそ松くん,2015-08-26,176,4628.0000000000018,1927.0,56,3995.8571428571436,3708.0,,,,漫画
ぼくのとなりに暗黒破壊神がいます。,2020-01-07,5,699.6,663.0,21,761.33333333333326,697.0,23,336.34782608695656,288.0,漫画
キミと僕の最後の戦場、あるいは世界が始まる聖戦,2020-08-31,13,193.92307692307693,161.0,40,607.15,522.0,,,,ライトノベル
プラスティック・メモリーズ,2015-04-12,60,105.79999999999997,82.5,69,65.1449275362319,47.0,18,33.388888888888893,9.0,アニメ
であいもん,2022-03-31,9,490.88888888888891,364.0,16,1097.3749999999998,728.0,15,1745.3333333333333,334.0,漫画
俺が好きなのは妹だけど妹じゃない,2018-10-11,2,563.5,563.5,40,497.74999999999994,420.5,,,,ライトノベル
MIX,2019-03-22,2,544.0,544.0,7,4226.5714285714284,699.0,,,,漫画
体操ザムライ,2020-10-25,9,1517.5555555555557,823.0,16,3641.4375,1350.0,,,,アニメ
アイ★チュウ,2020-02-26,1,1040.0,1040.0,5,2033.8,2120.0,,,,ゲーム
遊☆戯☆王,2014-07-30,22,197.81818181818181,97.0,322,176.52173913043475,69.0,,,,漫画
女神寮の寮母くん。,2021-08-06,2,178.0,178.0,63,222.58730158730157,166.0,3,93.0,98.0,漫画
千銃士,2018-02-26,5,730.8,664.0,73,945.83561643835617,722.0,21,568.61904761904759,238.0,ゲーム
約束のネバーランド,2018-05-01,2,832.0,832.0,14,2218.1428571428573,1596.0,,,,漫画
捏造トラップ -NTR-,2017-07-21,24,120.70833333333334,116.0,59,274.30508474576271,162.0,12,945.50000000000011,207.0,漫画
Fateシリーズ,2012-08-29,5,40.0,40.0,135,88.459259259259255,51.0,,,,ゲーム
それだけがネック,2020-11-13,1,37.0,37.0,44,49.886363636363647,20.5,,,,アニメ
ヴァニタスの手記,2021-07-17,110,1247.4181818181819,1041.0,130,3021.3076923076924,1601.0,,,,漫画
くまみこ,2016-02-27,24,317.66666666666669,239.0,29,150.82758620689657,76.0,,,,漫画
葬送のフリーレン,2021-10-19,3,933.66666666666663,884.0,9,1518.0,1356.0,,,,漫画
GATE 自衛隊 彼の地にて、斯く戦えり,2015-07-18,84,107.28571428571429,86.0,144,111.58333333333331,80.5,16,324.00000000000006,240.0,ライトノベル
対魔導学園35試験小隊,2015-09-27,24,66.875,57.0,48,43.229166666666657,30.0,,,,ライトノベル
恋愛ラボ,2013-07-04,35,44.600000000000009,42.0,160,48.19375,30.5,24,15.541666666666666,13.0,漫画
真夜中のオカルト公務員,2018-10-09,1,121.0,121.0,4,261.75,238.0,,,,漫画
ドメスティックな彼女,2018-12-14,4,522.25,462.0,51,751.82352941176475,389.0,,,,漫画
君のことが大大大大大好きな100人の彼女,2021-01-25,4,472.5,495.0,47,511.14893617021272,415.0,79,247.27848101265823,182.0,漫画
orange,2016-07-04,38,516.5526315789474,313.0,40,1529.1499999999999,962.5,,,,漫画
Dr.STONE,2019-07-05,84,637.107142857143,604.0,120,708.49999999999989,354.0,63,933.85714285714312,383.0,漫画
恋は世界征服のあとで,2022-04-08,3,185.33333333333334,182.0,67,540.88059701492534,190.0,46,365.95652173913049,138.5,漫画
マッシュル -MASHLE-,2020-11-11,2,1308.5,1308.5,17,1978.3529411764705,1778.0,,,,漫画
うしおととら,2015-05-27,9,604.0,741.0,72,505.375,325.5,,,,漫画
ナンバカ,2016-09-28,16,560.06249999999989,355.5,36,372.69444444444451,245.0,,,,漫画
ゲーマーズ!,2017-07-21,33,765.96969696969711,510.0,66,362.89393939393938,144.0,,,,ライトノベル
魔王城でおやすみ,2020-10-06,7,1020.2857142857143,1060.0,106,893.95283018867951,729.0,67,637.74626865671632,340.0,漫画
TIGER & BUNNY,2020-03-16,2,4665.0,4665.0,2,1375.0,1375.0,,,,アニメ
お兄ちゃんだけど愛さえあれば関係ないよねっ,2012-09-21,23,21.999999999999996,17.0,15,17.4,9.0,,,,ライトノベル
リクドウ,2023-01-11,3,13.333333333333334,6.0,165,33.157575757575749,10.0,,,,漫画
ゴールデンカムイ,2018-04-17,260,1648.057692307691,921.5,200,3085.7750000000019,894.5,,,,漫画
アフリカのサラリーマン,2019-10-11,8,474.0,463.5,44,1338.6818181818182,568.0,15,1690.0000000000002,535.0,漫画
城下町のダンデライオン,2015-06-26,15,341.66666666666669,364.0,15,415.26666666666671,172.0,,,,漫画
はたらく魔王さま!,2022-03-23,6,1350.0,1350.0,48,4222.625,1336.5,6,2064.5,2064.5,ライトノベル
Rewrite,2016-05-27,42,519.71428571428578,442.5,33,768.99999999999989,762.0,24,533.87499999999989,276.0,ゲーム
まじもじるるも,2014-07-04,28,121.39285714285712,62.0,36,239.75000000000003,146.5,,,,漫画
ド級編隊エグゼロス,2020-06-21,24,340.29166666666669,304.5,33,552.39393939393926,446.0,22,795.0,404.5,漫画
カノジョも彼女,2021-05-27,23,1040.8260869565217,748.0,78,1458.7564102564104,848.0,121,588.77685950413206,361.0,漫画
手品先輩,2019-06-28,6,402.83333333333337,299.0,17,644.58823529411768,293.0,2,951.5,951.5,漫画
信長の忍び,2016-12-09,2,117.0,117.0,150,105.43333333333331,68.5,8,90.25,89.5,漫画
もういっぽん!,2018-11-21,1,39.0,39.0,13,19.846153846153843,16.0,,,,漫画
アクティヴレイド -機動強襲室第八係-,2015-12-27,32,111.1875,52.0,92,138.97826086956516,18.0,,,,アニメ
お兄ちゃんはおしまい!,2022-12-23,8,1735.125,1728.0,81,558.43209876543222,509.0,27,521.185185185185,262.0,漫画
宇崎ちゃんは遊びたい!,2020-03-22,21,349.71428571428572,325.0,57,5874.21052631579,996.0,69,329.304347826087,168.0,漫画
抱かれたい男1位に脅されています。,2018-06-25,11,936.18181818181824,813.0,17,6415.9411764705883,2531.0,,,,漫画
殺し愛,2021-10-15,5,572.4,652.0,15,487.13333333333333,310.0,,,,漫画
怪病医ラムネ,2020-11-23,9,1423.0,1414.0,13,766.76923076923072,315.0,,,,漫画
今日もツノがある,2019-03-06,1,169.0,169.0,23,1168.4347826086957,423.0,,,,漫画
ちびまる子ちゃん,2022-10-07,27,429.33333333333337,460.0,42,1366.3571428571424,548.5,,,,漫画
91Days,2016-06-25,29,412.58620689655174,283.0,17,185.1764705882353,121.0,,,,アニメ
究極進化したフルダイブRPGが現実よりもクソゲーだったら,2021-03-26,14,133.71428571428572,109.5,48,260.6875,119.5,,,,ライトノベル
しろくまカフェ,2012-04-12,20,284.35,118.5,12,116.16666666666669,19.5,,,,漫画
最近雇ったメイドが怪しい,2022-06-21,3,710.33333333333337,654.0,13,4013.9230769230771,1356.0,,,,漫画
碧蓝航线,2020-02-01,7,2094.5714285714284,2108.0,22,2201.4999999999995,1989.5,,,,ゲーム
悪魔のリドル,2014-03-16,19,91.894736842105274,45.0,25,132.92000000000004,106.0,7,14.428571428571429,10.0,漫画
天才王子の赤字国家再生術 〜そうだ、売国しよう〜,2022-01-11,5,324.0,293.0,46,307.34782608695656,167.5,2,460.5,460.5,ライトノベル
日常,2011-04-17,13,20.615384615384613,18.0,1,4.0,4.0,,,,漫画
スロウスタート,2017-08-09,1,520.0,520.0,4,2429.75,2266.0,,,,漫画
スプラトゥーン,2022-04-27,4,30336.5,29286.0,30,37050.033333333333,32071.5,47,31845.4255319149,31144.0,ゲーム
ソマリと森の神様,2019-11-17,4,315.5,299.5,11,1234.0,343.0,7,842.99999999999989,418.0,漫画
Fit Boxing,2021-03-04,1,987.0,987.0,51,753.92156862745117,335.0,,,,ゲーム
バビロン,2019-10-07,7,378.28571428571428,358.0,52,801.76923076923083,149.5,5,61.0,44.0,ライトノベル
うちのメイドがウザすぎる!,2018-07-24,4,111.5,112.5,15,252.4666666666667,110.0,17,41.0,29.0,漫画
史上最強の大魔王、村人Aに転生する,2022-02-03,3,310.0,297.0,19,565.21052631578948,374.0,,,,ライトノベル
スローループ,2021-12-11,26,547.57692307692309,499.5,10,2242.7000000000003,1815.0,4,3086.75,1046.5,漫画
闇芝居,2020-09-01,50,180.2,125.0,260,518.53846153846155,403.0,,,,アニメ
僕らはみんな河合荘,2014-04-04,35,54.485714285714288,37.0,54,59.685185185185176,39.0,,,,漫画
天体のメソッド,2014-09-19,8,143.375,133.0,51,52.627450980392162,26.0,13,127.76923076923077,43.0,アニメ
宇宙なんちゃら こてつくん,2020-06-01,3,259.66666666666669,223.0,58,146.68965517241384,125.5,,,,漫画
やはり俺の青春ラブコメはまちがっている,2019-10-29,20,3597.0,2791.0,36,5217.5555555555566,4053.0,,,,ライトノベル
ろんぐらいだぁす!,2016-08-05,21,150.47619047619048,115.0,6,500.16666666666663,131.5,,,,漫画
あたしンち,2014-08-21,4,8.5,8.5,8,8.7499999999999982,9.0,,,,漫画
呪術廻戦,2019-07-01,10,1276.0,1124.0,54,1923.0000000000005,1294.0,86,3790.883720930231,3278.0,漫画
俺、ツインテールになります。,2014-10-10,39,51.051282051282058,36.0,47,113.17021276595744,57.0,,,,ライトノベル
異世界のんびり農家,2023-01-13,2,373.5,373.5,27,881.51851851851825,266.0,,,,ライトノベル
Shadowverse,2019-06-15,12,361.0,297.5,330,1437.4969696969702,316.0,,,,ゲーム
転生王女と天才令嬢の魔法革命,2023-01-12,19,1621.7368421052633,1199.0,64,873.39062500000011,608.0,,,,ライトノベル
魔王学院の不適合者 〜史上最強の魔王の始祖、転生して子孫たちの学校へ通う〜,2020-07-05,126,1510.1428571428571,1291.5,54,1541.1666666666667,1198.5,30,1171.3,872.5,ライトノベル
アブソリュート・デュオ,2014-12-12,7,99.285714285714292,103.0,48,45.229166666666679,42.5,,,,ライトノベル
夜桜さんちの大作戦,2021-04-26,3,778.66666666666663,848.0,33,1947.4848484848485,1976.0,6,1608.6666666666667,1057.5,漫画
境界線上のホライゾン,2011-06-02,51,21.058823529411761,17.0,273,20.054945054945048,12.0,,,,ライトノベル
NOBLESSE,2021-01-26,1,503.0,503.0,111,516.35135135135147,404.0,,,,漫画
ブギーポップシリーズ,2019-01-04,8,479.12499999999994,332.5,32,733.87500000000011,515.0,1,4245.0,4245.0,ライトノベル
無能なナナ,2020-09-07,57,201.78947368421049,174.0,26,678.65384615384608,454.0,,,,漫画
テニスの王子様,2020-12-23,1,3104.0,3104.0,223,4625.941704035874,1946.0,74,5638.7567567567576,2523.0,漫画
秘密結社鷹の爪,2010-06-24,7,3.0,3.0,168,6.33333333333333,5.0,,,,アニメ
俺の彼女と幼なじみが修羅場すぎる,2012-11-19,12,79.75,46.5,25,39.039999999999992,18.0,,,,ライトノベル
映像研には手を出すな!,2019-12-30,7,1392.5714285714284,1032.0,46,224.49999999999994,123.0,6,633.33333333333326,134.5,漫画
つり球,2012-04-01,22,167.36363636363635,96.5,41,45.609756097560961,22.0,,,,アニメ
明日ちゃんのセーラー服,2021-12-07,20,1959.5,946.0,50,1451.8600000000001,502.0,4,486.75,489.5,漫画
グラップラー刃牙,2018-09-05,4,102.0,102.0,596,447.50335570469827,131.0,32,1071.5,482.0,漫画
無彩限のファントム・ワールド,2015-12-18,21,309.61904761904759,299.0,25,178.72,174.0,,,,ライトノベル
私に天使が舞い降りた!,2018-11-19,17,995.58823529411779,596.0,11,363.54545454545456,391.0,,,,漫画
群れなせ!シートン学園,2019-12-23,3,251.0,232.0,3,1509.0,1989.0,,,,漫画
おーばーふろぉ,2019-04-08,10,52.5,51.0,12,127.5,62.5,,,,漫画
戦国BASARA,2011-04-14,54,21.81481481481482,16.0,10,18.8,17.0,,,,ゲーム
夜は猫といっしょ,2022-06-29,4,4466.5,3230.5,25,6705.12,3555.0,,,,漫画
彼岸島,2013-10-29,1,25.0,25.0,23,75.043478260869549,20.0,,,,漫画